sequence,label
ATCCGTTTCCGGGT,binding site
GGCTTTTCGGGCTA,binding site
CCCTGCTCTGCCTG,binding site
CGCTCCCCGGCGGC,binding site
GGGCGGGGCCTGGG,binding site
AAGGGGCGTGGCGG,binding site
GAACCTCCCCGCGG,binding site
CCCCGCGGGGGAGG,binding site
AGGGGGTAGGGGGG,binding site
AGGGGGTAGGGGGG,binding site
CCCCCCTACCCCCT,binding site
CGGACCCTTTAAGA,binding site
CGTGGCATCGGGGC,binding site
TCGCGCGCCGGCTG,binding site
TGCCTGGTGCCTGG,binding site
CCGGATCAGGCCAC,binding site
CCGGATCAGGCCAC,binding site
GCCGCCGCCGCCTC,binding site
GCCGTCGACCCCGG,binding site
GGCTTAGGGAGCGG,binding site
GCGGCGGGCGAGGG,binding site
GCGGCGGGCGAGGG,binding site
CGCACGGCGGGGGC,binding site
CGGCCGTGGAGCTT,binding site
CAAAACTCCGGAGG,binding site
CGGACCCGGCGCGG,binding site
CCGCGCCGGGTCCG,binding site
CACAACAAAGGGAC,binding site
TCCTCCCGTCTGCC,binding site
CAGTTGGGTTTGCA,binding site
TCGGACCCCAGCCC,binding site
GCGGGGCAGGAAGA,binding site
GGAGCGGGAGCGGG,binding site
CCCGGCGCGGGCTT,binding site
CCCGGCGCGGGCTT,binding site
GGCGGGGGCGGGGC,binding site
TCTTGGCCAGCGCT,binding site
GGGGCGGGGCCGGC,binding site
GGGGCGGGGCCGGC,binding site
CTTAGCGACCAGCA,binding site
TCCGCTTCCGGCGC,binding site
AGACCTCTGCGTCA,binding site
GGGCCAGGGCCCGG,binding site
GGGGCGGGGCAGCG,binding site
CTATGCGAGGGGGC,binding site
GGAGCGGCTGGGAA,binding site
CGGCGAGGGGCGGG,binding site
GCGGGGCGGGGCCG,binding site
CCCCGACTTGGACG,binding site
TTAGCGCCTTTTTA,binding site
ATATGGGCGCGGGG,binding site
GGTGCAGACCCAGG,binding site
CTTGGGCGTGGGGG,binding site
GGGTCGCGCACGCG,binding site
CGGCGCAGCAAAGG,binding site
CGAGGCGGGTTCTT,binding site
GTGACTGGCGTGAA,binding site
GGGATTCGGGGGCG,binding site
GCGGCCAGATGGGG,binding site
CCGGCGCGCGCGGC,binding site
TAAGGCGGCCGAGA,binding site
GGAGGGGCGGGCGG,binding site
CGGGGCCGAGCCCA,binding site
GCGCTTCGCTCAGC,binding site
CGGGGGGCGGAGCA,binding site
TGCTCCGCCCCCCG,binding site
GCGGGGCGGGCCGA,binding site
GGGGAGGGCAGAGG,binding site
GGGGAGGGCAGAGG,binding site
TTCGATTGCCCCCG,binding site
TTCGATTGCCCCCG,binding site
GGCTCGGGGTGGGG,binding site
GCCGCCCGTCCGCA,binding site
GGCTGCGGGGCGGG,binding site
CCTCCGCTCCGCGC,binding site
CCCTGAGGACCCAG,binding site
CAACTCCGGAGGCG,binding site
AGCCGCGGCGCCCC,binding site
GGGGTTAAGGGGGC,binding site
GGGGGGAGGGGCAG,binding site
GGGGGGAGGGGCAG,binding site
GGCCCCGCCAATAC,binding site
GGGCGTGGCGCGGG,binding site
GGCCTGTCGGGAAA,binding site
GGCCTGTCGGGAAA,binding site
AGGGGGCGGCGGCG,binding site
CGCCTTCCTCATGA,binding site
GAAGCTTTGTTTAG,binding site
GAAGCTTTGTTTAG,binding site
ATCCGGCCCATTGG,binding site
AACGGGAGCTGTGC,binding site
GGCGGCGGGGTGGC,binding site
CCCCTCCCCGGACG,binding site
GCGGGGGCGTCGTG,binding site
GGCGGAGCCGGGGG,binding site
CCCGGAGCCGCCAA,binding site
ACCATCGCGGAGGT,binding site
AGCGGGGAGTGGGC,binding site
GGGCCTCGGAGCTT,binding site
AAGCTCCGAGGCCC,binding site
GGGCGGGGGCGCCG,binding site
GGCCTTCCCTGCAG,binding site
GCGGGGCGGGGCGG,binding site
CCGCCCCGCCCCGC,binding site
GCGCCGGGGCCGGG,binding site
GCTGGCGCACCGTC,binding site
CTAGGCCGGAGCGT,binding site
TCACGGGCGCGCGA,binding site
GCGGGGCGGCGGCG,binding site
GACGGGAGCGCGCC,binding site
AAGTGGGAAGTGGA,binding site
TCCACTTCCCACTT,binding site
CCGGGGGCGGGGTG,binding site
CCGGGGGCGGGGTG,binding site
CTCCTGCTGCTGCT,binding site
ACCGCGGTGGGGAG,binding site
AACGCCCCGGAGGG,binding site
TGCGGGCGGGGCGG,binding site
GCGGGGCTGCGCGG,binding site
TTGGGCCCTCCTGG,binding site
GGACTGGCGGGCGG,binding site
TCCCCACGTCCGGC,binding site
CCGGGACGTGGCAG,binding site
CAGCTCGGGGCGGT,binding site
GGGGTGGGCGGGCA,binding site
GCCACACCATTGGC,binding site
TCAGCCCCGGCCTC,binding site
TTCCCCAAACCTCT,binding site
CTCGCTCGCTCGCT,binding site
GAGCTGGTCCCGTT,binding site
AACGGGACCAGCTC,binding site
GGGCGGGGCCTGCC,binding site
GCTTCTCCAGGGGG,binding site
GGGGGCGGGGCCGG,binding site
GGGGGCGGGGCCGG,binding site
AGGGGTGGGGCGGG,binding site
AGGGGTGGGGCGGG,binding site
CCACCCGCCCCTCA,binding site
CTGGCCCAGCGCTG,binding site
GCGGGCCGGGGCGG,binding site
CCACCGGAGCGCCG,binding site
CCGAGGCCGTGCCT,binding site
GCAACGGGCGGGGC,binding site
TTTCCGCCCTGTAG,binding site
GCGAGGACTCGCGT,binding site
GATCCTGGCTGGGA,binding site
GAGAAGGGGGCGGA,binding site
TCTGCAGAAAAACC,binding site
GGGCGGGGTGGTGC,binding site
AGCCTCAAGCTGTC,binding site
AGCCTCAAGCTGTC,binding site
AACCGATTGGTCAA,binding site
GACACGCCTCCCCC,binding site
GGGCACTGGGGCCA,binding site
GGGCACTGGGGCCA,binding site
GCGGGGCGAGCCTC,binding site
GGTCCGGCGCGCGC,binding site
CTCCAGCCCGGAGA,binding site
CGCTTCCCCGCCCC,binding site
GGGCGGGGGCGGGG,binding site
GGGCGGGGGCGGGG,binding site
GGGCGGGTCCTGGG,binding site
GGAGCGAAGACTGA,binding site
CGGGGCGAGGCGCA,binding site
GCGGAGCGTGTTCT,binding site
AGGGGAGTCACGTG,binding site
GGGCCGGGAAGAGG,binding site
GCGGGCTTTACGGC,binding site
GCGCGCTTGGCGGC,binding site
CAGGCGTGTGGCGG,binding site
GGGGCGGCGCCAGG,binding site
GGAGGAGGGGCGAG,binding site
GGAGGAGGGGCGAG,binding site
TGCGAGGCCCGAGA,binding site
GGGCGGCGGCGGCG,binding site
ATCACGGCCGCGAG,binding site
TGCTCTGGCCCTGT,binding site
TTGCCTGGCGCCTC,binding site
CGGGGAGGGGGTGG,binding site
CTGCACTCGGTCCT,binding site
CTTCTGCAGCGCTT,binding site
GCGCGGTAGTGGGG,binding site
GCGCGGTAGTGGGG,binding site
GCGGCGAAGGCGCG,binding site
CGGCAGTGTCGGAG,binding site
GTCAGGAGCCAAGA,binding site
GTGGGCGGAGGGAA,binding site
GTGGGCGGAGGGAA,binding site
GTAGCGGCGCATGC,binding site
AGGAGTCTGAGAGG,binding site
TGGGGCGGAGCCAT,binding site
GCGCAGCCTTATCC,binding site
GCAGCCCACTGCGA,binding site
GCAGCCCACTGCGA,binding site
GAGGAGCCGAGCTC,binding site
ACTGCGCGGGGGGA,binding site
CCTCTGCCCTCCCC,binding site
CCCGGGACCGGGCG,binding site
CTGGGGTTGGGAGG,binding site
CTGGGGTTGGGAGG,binding site
AAGGGGCAGTGCCG,binding site
AAGGGGCAGTGCCG,binding site
AAGGGGCAGTGCCG,binding site
GCCGCGGCGGGGGC,binding site
GCGGAGCCTCGGGC,binding site
GCGGAGCCTCGGGC,binding site
GGCGGAGCCGAGGG,binding site
GGCGGAGCCGAGGG,binding site
GGAGCTGGGCGGAG,binding site
CGTCCTACTCCGCC,binding site
AGCCCCCGGAGGGA,binding site
TCCCTCCGGGGGCT,binding site
GTGGGTGGTGCATG,binding site
GCCGCTGCTATGCT,binding site
AGCATAGCAGCGGC,binding site
GGGGAGGAGCGCGG,binding site
GCGGCGCCTCCAGG,binding site
TGCGGTTCCCGCGG,binding site
ACTATCAAGGTAGT,binding site
ACTCCTGGGCACCC,binding site
AGGTGGCGGCGGCC,binding site
AGGTGGCGGCGGCC,binding site
AGTATGGAGAGCGG,binding site
GCCTGCGAGGCGGG,binding site
CTCGCCGAGCCCCG,binding site
CGGGGCCGGCCCCC,binding site
GGACGGGGCCTTGA,binding site
TGGCCGCGGCTGCA,binding site
GCGGCGGGGGCGGA,binding site
GCGGCGGGGGCGGA,binding site
GCGACCCTGCGTCC,binding site
GGACAGCGGTGGCG,binding site
GGGCCGCGGGTAGG,binding site
ATTGCCGTGAAAGG,binding site
CGAGGGAGGCTTCG,binding site
CTCGCGGCTTCGGC,binding site
CAGCAGCTCAAGTT,binding site
AGGTCTTCAGGCAC,binding site
AGGTCTTCAGGCAC,binding site
AGGGGGCGGTGGGG,binding site
AGGGGGCGGTGGGG,binding site
CGGTTCGGGGGCGG,binding site
CGGTTCGGGGGCGG,binding site
AGGGGCACGCACCT,binding site
CACGCGCTCGCTCT,binding site
CCCGACCTGCCCCA,binding site
CTCTAGCCGCGAGA,binding site
CTCTAGCCGCGAGA,binding site
AGCGACCGGCGCCT,binding site
CCAAATTGTGACGT,binding site
CCAAATTGTGACGT,binding site
GCCTACAGACAACC,binding site
GAGGGGCCGGGAGC,binding site
GCCATTTCTAGTCG,binding site
GGGGCGCCTCCGGG,binding site
GCAGCCACCAAGGG,binding site
CGCAGCAGCCAACC,binding site
GGGCAGGGCCGAGG,binding site
ATTCAAAGAATGAG,binding site
GATGAAGACGAGGA,binding site
GGTGGGGTCGAGCG,binding site
GCACTTAAAGGGCC,binding site
GGCCGCGCCCACCA,binding site
GGCCGCGCCCACCA,binding site
GCCCGCGGGCACCT,binding site
TAAGAGGCACCGCA,binding site
TTGAAGCATAAGGG,binding site
CCCGAAAACAGGAC,binding site
GTGTCTCGCCGCGC,binding site
CGCCGGCGTCGAGG,binding site
CCGGGACGCAGCGC,binding site
GCAGGCGCTGCGGC,binding site
CTCTGGCGGGCGGG,binding site
GGGGAAGGCGGAGG,binding site
CGGGGGCGGGGCCT,binding site
CGGGGGCGGGGCCT,binding site
GGCTGGCTCAGAGT,binding site
TGGCGGGGCCGCGG,binding site
CCGCCCAACGGGGA,binding site
CCCGTTTGTCTGAA,binding site
CGCGCCCACCACGG,binding site
GCGCGATGGGGCTC,binding site
TGGCCTCACTGCAC,binding site
CAGCGCCCGGGCAT,binding site
GGGCGCCGGGTCCG,binding site
TCCCGGGCCGTCCG,binding site
GGCTCGGAGCCTCC,binding site
GGCTCGGAGCCTCC,binding site
GGCGCGGCCCGTCT,binding site
AGACGGGCCGCGCC,binding site
GGACGCCGCGGCGG,binding site
GGGCGGGGGCGGAG,binding site
GCGCGCGTGGGCGT,binding site
GCGCGCGTGGGCGT,binding site
AGAGCCCGGGGCGG,binding site
CCGCAGGGGCTGGG,binding site
CCGCAGGGGCTGGG,binding site
GCGGGGCGGGGCCG,binding site
ATCGCTTCCGGGGG,binding site
GGCCCAAGGTGGAA,binding site
GCTCCGCCGACCCG,binding site
GAGCCCCGCGCGGA,binding site
GCGGAACGTCCCGG,binding site
GCTCACCTAGACCT,binding site
TCTCTGAGCAGAGG,binding site
GACTCCCGATTGGC,binding site
TCCGTTGCGCGCCT,binding site
CGGGGCGGTGTCGC,binding site
GCGACACCGCCCCG,binding site
GTACTGTGGGGTAT,binding site
GAGGGCTTACAAGG,binding site
CTCGCAGGCGCAGG,binding site
GCGTCGAAGGCAGT,binding site
CCAGAGGAGGTGAG,binding site
CTCACCTCCTCTGG,binding site
GGGAAGGGGCCCTC,binding site
GAGGGCCCCTTCCC,binding site
GGCGGGAAGGCGGC,binding site
AAAAAACCGCCGCC,binding site
GGCGGCGGTTTTTT,binding site
GGCCTCTCCGGCGG,binding site
GGCCGGCCCTCGGG,binding site
CGCCGCGGGGGCTG,binding site
CAGCCCCCGCGGCG,binding site
AGGGCAGCCAATCA,binding site
CGGGCTGGAGGGCG,binding site
AGGGGGCGGGGAGG,binding site
AGGGGGCGGGGAGG,binding site
GGCGGTGGAGGCTC,binding site
GCGGCCGAGGCGCC,binding site
GGAGCCTGAGCCGG,binding site
CTGAAGAAAGCCGA,binding site
CTGAAGAAAGCCGA,binding site
CAGGACGGGGCCGA,binding site
CAGGACGGGGCCGA,binding site
GGGCCTAGGGCCCG,binding site
GGGGTTTATCTTCT,binding site
GGCCGCCGCGCAGG,binding site
GGCCGCCGCGCAGG,binding site
TGCGGCGGGAGGCC,binding site
CGGGACTTCCTCTC,binding site
TGGTCACCCGATGC,binding site
AGGAAGGCGGGAAG,binding site
AGCGCGGGGGGGGG,binding site
GTGGGAGGTGCGTC,binding site
GTGGGAGGTGCGTC,binding site
GCTGGGCTAAGCCC,binding site
GAGGAGGAGGAGGG,binding site
GAGTGTGTGTGAGC,binding site
GAGTGTGTGTGAGC,binding site
GAGTGTGTGTGAGC,binding site
GCTGTCCGGCCCCG,binding site
GCTGTCCGGCCCCG,binding site
GCCTACCCGCCTCG,binding site
GCCTGATGCAAAAC,binding site
GGGCAGGCAGGGGC,binding site
CGGGCGCTCCCTTG,binding site
GCCGGGAAAGGGCT,binding site
GGTAGGATTAGATC,binding site
TGGAAAGGGCTGGG,binding site
TGGGGGCGTAGCGC,binding site
CCCAGGGCGGGGAA,binding site
GTCCCGGCGTGCCG,binding site
CGGCACGCCGGGAC,binding site
ACCGGGGGGCTCTG,binding site
GGCCTAGGATCTGG,binding site
GGGCTGAGATTGGA,binding site
CTCCAGTCCCAGCG,binding site
GTGCGCGCCGCGTG,binding site
TACTGCAGGGGGCG,binding site
TACTGCAGGGGGCG,binding site
CCCGCGGGCTGGCG,binding site
CCCGCGGGCTGGCG,binding site
GCATGTGTTGAGTC,binding site
GACTCAACACATGC,binding site
GCGGACCTGTAAGA,binding site
GCGGACCTGTAAGA,binding site
GCTCCCCGGTGCTG,binding site
GGGCGGGGACACAA,binding site
CGGGAAGGATCCAC,binding site
AGGGGCGGGGTCGG,binding site
GTGCGACCCTGGTC,binding site
GGGAGGCCCGGGCA,binding site
ATCAGAGGGCCTAG,binding site
GGGCGGCGGGACGG,binding site
GCGCGCTCGCGAGC,binding site
TAACCGGAGAGAGC,binding site
GGCTGCGGAAGGCG,binding site
CGCGGTCGCTGGAA,binding site
GGACAAGGTCGTCA,binding site
GGCGGCCGAGCCGG,binding site
GCGGGCGGAACGGA,binding site
GTTAGGGGTCCGGA,binding site
GAGCGCCGCCGGAA,binding site
GGCGGGGCCGGGGC,binding site
ATGGTGATTCTGAC,binding site
GCGGCGGGCCCGGG,binding site
GTGGCCCTGCGCGC,binding site
TGCCCGCGAGCCGG,binding site
CGCCCAGGGCAGTG,binding site
GTCTTTGTCTGCGC,binding site
GCGCAGACAAAGAC,binding site
AAGGGCGGTGCCGG,binding site
CCTCTTTACGCAGG,binding site
CTCGCGGCTTGAGG,binding site
GCACGTGGGGCCTG,binding site
GCGAGGGTCGGGAA,binding site
ACGCCGCCATGGCA,binding site
ATCAGTCCCGGGGG,binding site
GAGCGGTGCCCGGG,binding site
CTCCGGCCCGCCCC,binding site
ACGACGGTGAGCAC,binding site
AGGGGGCGGTGCCG,binding site
AGGGGGCGGTGCCG,binding site
GGGCGGTGCCGGCG,binding site
AGTTCAGGGAGGCG,binding site
CGCAATCGCTGGAA,binding site
GGGGAAGCCGCGTT,binding site
CGCGGCCTCTATTG,binding site
CGCGGCCTCTATTG,binding site
TCGGGACTGGACCT,binding site
AGGCCGGCGGGGAG,binding site
AGGCCGGCGGGGAG,binding site
GTGAGGAGCAGCAG,binding site
GCCAGTGGGCACGG,binding site
GGGGCACAACCCTC,binding site
AGGGGGAGGGCAAA,binding site
TTTGCCCTCCCCCT,binding site
TTTGCCCTCCCCCT,binding site
GGGAGGGGGCGATA,binding site
GGTCGGCGTTACCC,binding site
CCCGCGCGGCGGCG,binding site
GCGGGGCGCCCCCG,binding site
GTCTAGGAGTGCGC,binding site
GTCTAGGAGTGCGC,binding site
GCGGAGCTCCGCCC,binding site
AGCGGCGAGTGGGA,binding site
ACTGAGGAACTTTG,binding site
GCGGCCACCGGCAG,binding site
GCGGCCACCGGCAG,binding site
ACTCCGCCCCCGCA,binding site
GGGGTGGGGCGGGG,binding site
CGGGCCCCGGGGCC,binding site
GAGGGGGCCGGGCG,binding site
CTCGCGGGAGCCCC,binding site
TGGGCCTGGCCGGG,binding site
GCGCGGGGTCCCGG,binding site
CGGCTCCCGCGGCC,binding site
GAGGGGCGGGGCCG,binding site
GCTCGCCGCACAAA,binding site
GCGGGGCATTGCCA,binding site
GCGCGCGGGGGACA,binding site
GCCCCCGGGAGAGA,binding site
ACCCTGCTGGCTGC,binding site
GGTCACCCTAGAAG,binding site
CCAGCCTGAACCGG,binding site
AGGGCAAGGTCCCG,binding site
GTTGGGCCGAAACA,binding site
CGAGGGCTGGGCCG,binding site
CCGGCCTGGCTGCC,binding site
CCCCCCTCCCGGGG,binding site
CGGGGCCGCGCTCG,binding site
TTGCGTTGGGATGG,binding site
AGAGGGGCGGGGTC,binding site
CGCCACCGCCACGA,binding site
CTATATAAGACGAG,binding site
ACCTCTGATCATTC,binding site
GGCCACTTACCGCG,binding site
CAGCTTCTGAGATC,binding site
CTGCAGTGTGGGCG,binding site
AGGCTGAGGCGAGA,binding site
GAGGGGCGGGAGGG,binding site
GGAGGAGGGGCAGT,binding site
TTGGCCAGAGCCCG,binding site
CGGCCCCGAGCGGC,binding site
GTGTTGGGGTGGGA,binding site
TGGCGGGGCGGGGG,binding site
TGGCGGGGCGGGGG,binding site
TGGCGGGGCGGGGG,binding site
TGCGGAGTCAGGCG,binding site
AGCAAGAACAGCAC,binding site
GGATTGGTGCAAAC,binding site
TCAGCCCTGTGTCT,binding site
AGGGGCGGGGGCAC,binding site
ACCGGAACGAGTCA,binding site
GGCGGGGCTTACCT,binding site
GTCGAGGCAGGCGA,binding site
GTCTGACGTTTGTT,binding site
GGGGCTCCGGGGCG,binding site
TTCCTGCGGGGGGG,binding site
TCCAACTCGGAAGC,binding site
GCGGGGGCGTTGCT,binding site
CCCAGGCGGGGGGA,binding site
GACTACATTTCCCA,binding site
AGCGGAGACGCTGG,binding site
TGGAGGCGTGCGAG,binding site
TCACTTCCGTTGTC,binding site
TCACTTCCGTTGTC,binding site
CCCGGGGGGGCGGG,binding site
CCAGAGTCCGATTG,binding site
TACACGATTGGAGG,binding site
CTCGCCGCAGATAT,binding site
AGGGGAGGGGGACA,binding site
GGGCTCCCACCTGC,binding site
GGAGCGGCCGGAGA,binding site
TCCGGGGCTTTGTG,binding site
AGGCGCACACTCGC,binding site
CGGGGGCGGGGCCG,binding site
CGGGGGCGGGGCCG,binding site
CGGCCCCGCCCCCG,binding site
GCCCCGGGGGCGGG,binding site
CGAGGGAGGGGTGG,binding site
CCCGGCAGCTCGCC,binding site
GTGTGGGAGGGGGA,binding site
GGAGCCAGGAGGGT,binding site
GGTGCTCTCCGTCG,binding site
CAAAAGCAGAAGGT,binding site
ACCAAGTGGCCGCG,binding site
GCGGGAGGGGCTTG,binding site
GCGGGAGGGGCTTG,binding site
ACCCCTCCCGCGGT,binding site
CGAGCCCGGAGCGC,binding site
CAGAGGCGGGGCCG,binding site
GATTGAAGGAGACC,binding site
TAACGCAGCGCTGG,binding site
GAGAGGGGGCCCGT,binding site
TCCTCTGTCCCCAC,binding site
GGACGGGCGGCGGG,binding site
GGACGGGCGGCGGG,binding site
TTGATGGAGCGGGC,binding site
CGGGCTCCGTTCTG,binding site
AGGGCTGGGACACC,binding site
CACGGTCCGTCTGC,binding site
CCGCGCTCACTTCC,binding site
CCGCGCTCACTTCC,binding site
GCCCCCGCGGCGGG,binding site
TGGCGGAGCCGGGG,binding site
GCGCGGGGCGGCAT,binding site
GCGGCGGGGCCCGC,binding site
GCAGGGCGGGGGGC,binding site
CAGTTACGGCGCGG,binding site
GGGGGCGGTGGCGG,binding site
CACCTGACTCAGAG,binding site
CGGTAGCAAGCCGC,binding site
CGCCTGCGCACTTG,binding site
GGTGAGGGGCCATG,binding site
GCGGGGGGGATGGG,binding site
CCAAGCAACACCGG,binding site
GTCACAGAAGGCGG,binding site
ACCGCCGCGTCCGC,binding site
CTGCAGCCGCGCCG,binding site
CTGCAGCCGCGCCG,binding site
CTGCAGCCGCGCCG,binding site
GGCGGGAGGGGCCG,binding site
GCGCCCTCTCCGGG,binding site
GGCTTCTGCGGGAT,binding site
AGAGTGGAGGGAGC,binding site
AGAGTGGAGGGAGC,binding site
CCCTGGCTTCCAGG,binding site
GCGAGCTAGCGGGT,binding site
CGGGGCCTGGGCGC,binding site
TGCGAAGCCCGAAA,binding site
GGCTCCCTCGGCCG,binding site
GCGCCCTTCGACCA,binding site
CCCGGGGGCCCGAG,binding site
GGGGCGGGGCCGGG,binding site
CAACGCGAGGGTGG,binding site
CAACGCGAGGGTGG,binding site
GCGGCGGGCGGCGG,binding site
CGCCCGCCCCCACC,binding site
CGCTCTCGGCGGCG,binding site
GCGCGCCCGGGACC,binding site
GGTCCCGGGCGCGC,binding site
GGCAGGGAGAGGGC,binding site
GCGGGCGACGGGAT,binding site
GGCCCGGGCCTCGG,binding site
GGCCTCTCTTGTGA,binding site
CGTGGCGAAGAGGG,binding site
GACTCTTGGGCGCG,binding site
GGGCGCCCGCGTCG,binding site
GTGGGAAGATGGCG,binding site
AACTCGGCGTTTGG,binding site
ACCCCACAAGGAGG,binding site
CACGCAGGGGGCGT,binding site
ACGCCCCCTGCGTG,binding site
CCCCCGCTTCTCCA,binding site
CCCAGTGCGGCGCG,binding site
CGGGCTCCGTGGCA,binding site
GATAGGCACGCGGG,binding site
CGTGGTGGCGGGCG,binding site
GGCCGGCGGGAGGC,binding site
GGCCGGCGGGAGGC,binding site
TGGATGGGCGGGGC,binding site
TGGATGGGCGGGGC,binding site
CCCGAAAGGGGGCG,binding site
CGCACCGCACGATA,binding site
CGGAGCGCGCGCGA,binding site
GTGCGAGGGTGATA,binding site
TTTCCCCCCCAGGG,binding site
GCGGCCGAGTTGGT,binding site
AGGCGGCCGCGGGG,binding site
AGGCGGCCGCGGGG,binding site
CGCACTGACCTCCC,binding site
CCGGGCCGGGGCCG,binding site
ATACCCAGAGGCGG,binding site
CGCCCAGAAGCGTC,binding site
CGCCTCCGCTGAAC,binding site
GGGGCGGGGCGGGG,binding site
GGGGCGGGGCGGGG,binding site
TAGGCTGTGCGCAC,binding site
GCTCCACCGAGCTG,binding site
GGAGGGGCCGGGGG,binding site
CCGTTGGGCTCGCG,binding site
GCCGGGCGGAGCCG,binding site
GCCGGGCGGAGCCG,binding site
CGGCCCACGCGGCG,binding site
CGGCCCACGCGGCG,binding site
CGGCCCACGCGGCG,binding site
GAGGGGCGGCGCCC,binding site
ACGGCGATGGACTC,binding site
ATGAGCTCTGGGCG,binding site
ATGAGCTCTGGGCG,binding site
GGAGGCGGGGCCTG,binding site
GGAGGCGGGGCCTG,binding site
AGGAGGCGGGGCAA,binding site
CGGAGGGCGGGGAT,binding site
ATCCCCGCCCTCCG,binding site
GGCGGGGGGCACTT,binding site
GGCGGGGGATGCGG,binding site
ACACCAGGTAGGCG,binding site
GTCTCAGCACACAC,binding site
AGATTGACAGTACC,binding site
CCGCTCTCCGCTCC,binding site
CGGCCTAGTTACCA,binding site
GGGGCGGCGGGCGG,binding site
ACAGGGACGGGGGT,binding site
GGGCGGCCGCGCGC,binding site
CGCGCGGCCGCGCG,binding site
GGGACCCCGTCGCA,binding site
CTGAGCAGGGCGGG,binding site
GGGTGGCTGGCGGT,binding site
GGGTGGCTGGCGGT,binding site
TTCGCCCGGGGGCG,binding site
GGGATTCGCTGAGG,binding site
TTCGACTGAGCAAG,binding site
GGGGGGCGGGCCCG,binding site
CCTGCCCACCGCCC,binding site
CCTGCCCACCGCCC,binding site
GGTGCCGGGGCGGG,binding site
GGTGCCGGGGCGGG,binding site
CGGGGGAGGGGGCC,binding site
GGCCCCCTCCCCCG,binding site
GTGGGCAGGACCTC,binding site
GCTCTGCGGGGAGG,binding site
AGCAGTGAGGGTAC,binding site
GTGGCGCGGAGGAG,binding site
TGCCTCAGCGTCCT,binding site
TTCCGGGGAAAGTC,binding site
CTCCGGAGGGCACG,binding site
GGCCAGGGGGAGGG,binding site
GGCCCCGGGAACAC,binding site
GCCTGCCACTTCCT,binding site
GAGGCCGGCAGCGC,binding site
GGGCGGGCCCGGGC,binding site
GAGGTGAGGGGCGG,binding site
GAGGTGAGGGGCGG,binding site
GCGGCGGGCGGCGG,binding site
CCTGTCTGGGCCTC,binding site
GGGAGGGGCGCCGC,binding site
GGACCAGGGATGGG,binding site
GACTTTAGAGGAGG,binding site
CGCTGTAGCAGTGA,binding site
GGACCTCGGGAGAG,binding site
GCGGCCGAGCTTCA,binding site
GCGGCCGAGCTTCA,binding site
TGGCCAATGCGGAG,binding site
TCGGGCGCCTGCGA,binding site
GCCGCGGGGGACCC,binding site
GGGCGAGGGGGCGG,binding site
GCCCCGAGCGCCTG,binding site
CCGGCCTGGCTTGT,binding site
GCTGCGGGGCGGGC,binding site
GCGGCGGGTGCGGG,binding site
GGGCGGGGCCGGGC,binding site
GGGCGGGGCCGGGC,binding site
GCGCCGCAGTCGGC,binding site
GACGGGCGGGCGCT,binding site
CCAATGGGCTGCAG,binding site
TTCGCAGCCGCTAA,binding site
TTGCTAGGGCCGAG,binding site
CGTTGTTTCGGCGC,binding site
CGGCGAGGAGGCGG,binding site
CGGCGAGGAGGCGG,binding site
GGTGATGTAAGGCC,binding site
GAAGGGGGCGGGAC,binding site
GAAGGGGGCGGGAC,binding site
ATGACGGAGGGGAA,binding site
AAAGGCGGGGAAGG,binding site
TCATGTGATCTTCA,binding site
CGCGCCCGGCTTTC,binding site
GGGTTGGGGGCGGG,binding site
CCCGCCCCCAACCC,binding site
GCACCCCCGTCCGT,binding site
GGGCGGGGCCAGCC,binding site
GCGCAGGGTGGACC,binding site
TGGTGAGTCCTGGC,binding site
TGGTGAGTCCTGGC,binding site
CAAGGTCCAGGAGG,binding site
CCTCCTGGACCTTG,binding site
GATGGGAGGGCCGT,binding site
GTTGGCAGCGTAGG,binding site
GGCTCTCGGCGCGC,binding site
GCGCGGCCGGAGGT,binding site
GCGCGGCCGGAGGT,binding site
GGCCGCGGCGAGCC,binding site
GGGGGCGGGCCAGG,binding site
GGGGCCAACAGTGG,binding site
GGGGCCAACAGTGG,binding site
GGGGCCAACAGTGG,binding site
GCGAGAAGAGCGGG,binding site
GGGGCGGGGGTGGC,binding site
GGCGGGGCCAACAG,binding site
GGCGGGGCCAACAG,binding site
GAGCTGGAGAAGCT,binding site
CCCGGACTGCCGGG,binding site
CAGCCTTCAGGGGA,binding site
ACAAGCGGGGGTAT,binding site
TGGGCTGCGGCACC,binding site
TGGGCTGCGGCACC,binding site
GGCAGCGGAGGCGG,binding site
CCGAGAACGCGGAA,binding site
AGAGGAGGGTGAGG,binding site
CGGGGCGAAAGTCG,binding site
ACCCAGCCCCAGCC,binding site
GCGGTGGCGCTCCT,binding site
CTGCTGACTGGTCA,binding site
ACTCGTGCGGTCCG,binding site
TGAGCCGGCGCCCG,binding site
CGCGGACTACAAGT,binding site
AGGGGCGGGCGTAG,binding site
AGGGGCGGGCGTAG,binding site
GGAGGGGTGTCCCC,binding site
GGAGGGGTGTCCCC,binding site
CGGGCTCCGCCATG,binding site
GGGAGAGCGGCGCG,binding site
GGGGGAGGGGAGGA,binding site
GGGGGAGGGGAGGA,binding site
GGGGGAGGGGAGGA,binding site
CGCGCCGGGCCGGG,binding site
TCCGCGCCCGGGCG,binding site
CGAAAGATTCGAAA,binding site
GGGGCGCGCCAGGA,binding site
TTGGCAAAGCCGAG,binding site
GTGCGGGGGTGGGG,binding site
GGCGGGTCGGCGGG,binding site
CCGGATACCTTCAG,binding site
CCCGCCCGCTCGCT,binding site
GGCGGCGGCCAGGG,binding site
GGGACCGGGCGGGC,binding site
GCGGAGGGCGGGGC,binding site
GCAACTCTGCCGAG,binding site
GCGCGCAGAAAAGC,binding site
CGAGGAAACTAACT,binding site
GAGAGGGGGATGGG,binding site
GGCCGTCGCGGCTG,binding site
CGGCGGCCACGGAG,binding site
ATCATGCAAGGGAG,binding site
AAGTTAGGGGAGAC,binding site
AAGTTAGGGGAGAC,binding site
GGCGGGCGGGGCCA,binding site
CTGGGCGGTGCCGG,binding site
CTGGGCGGTGCCGG,binding site
CTGGGCGGTGCCGG,binding site
CTGGGCGGTGCCGG,binding site
CCCCTGGAGGCACA,binding site
AGGGAGACTGGGTT,binding site
CCGGACTGATTCTC,binding site
GGCGGACGCGAGGA,binding site
GAGGGAGAGGCGGG,binding site
CCAGCACGCGGCAA,binding site
GTGGCGGGACCGCC,binding site
GTGGCGGGACCGCC,binding site
GGTGCGGCGAGCGG,binding site
CCCCAGCTGCGCCG,binding site
GTCCACCTGCCTCC,binding site
GGGTCCAGGGGGCG,binding site
GCGGGCGGGGGGCT,binding site
GCGAGCGAGCGCCC,binding site
CCACGCCGATTGGC,binding site
GCGGGGCGAGCTAG,binding site
AGGAGGCGGAGGGA,binding site
CTGCATTGTGGGGG,binding site
CTGCATTGTGGGGG,binding site
GAGGGAGAGAAAGA,binding site
GAGGGAGAGAAAGA,binding site
GTTGCCGGGGGAGA,binding site
CCTCTCCCGGGCCA,binding site
CCCTCCCTTCGTTC,binding site
GGAGGGGGGAAACA,binding site
CAAAGACGGTCACG,binding site
CAAAGACGGTCACG,binding site
CATTGAGAGCGGAG,binding site
CATTGAGAGCGGAG,binding site
CCTCGCGGGGGCGG,binding site
CTAGCCCTTAGGCA,binding site
CGCGGAGGCTGGGG,binding site
TGTCAGTGAGCGGC,binding site
TCTGTAAAGAACTT,binding site
AAGTTCTTTACAGA,binding site
GCGGGGAAGGACCC,binding site
GCCGGGGCGGGCGG,binding site
GGCGGCGGGGCGGG,binding site
CCCGCCCCGCCGCC,binding site
CGCGCGCTGGCGGC,binding site
TCTCTCAGCCCGTG,binding site
CGGCTTCCGGCAAC,binding site
AGGCGGGGCTCTTC,binding site
AGGTTTCGAGCCCG,binding site
GCAGGCGGAGCTGC,binding site
GGGGCGGGGCTGAG,binding site
AGCTCGGGGTAGGA,binding site
TGGGGCGGGGCTGA,binding site
GGGAGGCGTGGCGC,binding site
GGGAGGCGTGGCGC,binding site
GTTTGGAACTCGCA,binding site
CGGACCTGGAGGCG,binding site
GAGGAGGAGGAAAC,binding site
GCGGAGGCGGAAGC,binding site
TTCACCTCACGTGA,binding site
GCGCGGCGAGGAGA,binding site
GGAGAGCGGGCGGC,binding site
GGAGAGCGGGCGGC,binding site
CGGGGGCGGGCCCG,binding site
GCCGGGGGAGGAGC,binding site
CTCCCGCAGCCAAT,binding site
ATTGGCTGCGGGAG,binding site
CGAAGGAGCGGAGG,binding site
CCGCCCGCCTGTTT,binding site
CCCGGGAGTGAGAG,binding site
GCGAGACGAAGATG,binding site
GCGAGACGAAGATG,binding site
TCGCTCTCAGGGGG,binding site
CCCCCTGAGAGCGA,binding site
GGGCCGAGAGGCGT,binding site
GGGCCGAGAGGCGT,binding site
TTTTTCTGAATTTG,binding site
GTTGGCAGCTGGCG,binding site
GCGAAACCGAGGGG,binding site
GTTCAATCGCAGCG,binding site
GGACAGGAGGCGGC,binding site
TCCTACCCCAACCT,binding site
TATCCACTGTAAAA,binding site
GGACCTGCCAGGAG,binding site
GCTGGCGGGGAGAG,binding site
CTGAGCGCAGGCCG,binding site
CTGAGCGCAGGCCG,binding site
GTGGGGCCGGCCGC,binding site
GTGGGGCCGGCCGC,binding site
CCAGCGGCAGCCCC,binding site
GGCCGGAGGCGCAG,binding site
CTGACCCCTGGAGG,binding site
GCTTTGCGTGGGGG,binding site
TGGGCTGAGGGGAG,binding site
TCTGGAGCCGCAGG,binding site
GTCAGGGGCGGGGC,binding site
GGCCTCTGCGAGCT,binding site
GGCCTCTGCGAGCT,binding site
GAGTGGTGGGGGCG,binding site
GGTCGGAGTTCTGC,binding site
GGCACGAGGCCGAG,binding site
GGCACGAGGCCGAG,binding site
GTGGAGCTGGAGGA,binding site
GCCTGAGGCCCGGG,binding site
GGAGGGGAAGGAGA,binding site
CCGGGGAGGGGCTG,binding site
GAGTGAGTTCGCCT,binding site
TCAGCTTAGCCCCA,binding site
GGAGGGAGGAGAGA,binding site
ATGAGGGGAGTGAA,binding site
GCCGAGAGGGGAAG,binding site
AGGGAGGAGCCACG,binding site
CATTTCTCGGGCTG,binding site
GGGAGGGAGCGGGT,binding site
GTGGGCGACGCACG,binding site
GACGGGGCGCTGCG,binding site
ATCCCGCCCACGGG,binding site
CCTGAAGGGGCGGA,binding site
CGGGATACGTGCTG,binding site
TGGCCCGTTGCGTC,binding site
AGCGCCGCGGCGCC,binding site
CGAGGGCAGCGCTG,binding site
ATAGGGGAGGTGGG,binding site
ATAGGGGAGGTGGG,binding site
GCGGCCGTCGAAGC,binding site
CGCAGAGAGGGCGG,binding site
CGCAGAGAGGGCGG,binding site
GTCGTGGGCCGTGG,binding site
ACACCCGGCCCCGA,binding site
CGGGCCGGAGTGGG,binding site
CGGGGCAGGAAGGG,binding site
CCTGGCCACGCGCC,binding site
CCTGGCCACGCGCC,binding site
GGCTTCCGGTTTCC,binding site
GGCTTCCGGTTTCC,binding site
CCTGCTCCCCCTCG,binding site
GGCACAGCCCAAAA,binding site
GGGGTGGGGCCGCC,binding site
GGTTATCGCGGGAA,binding site
GACCCGAACGGGGG,binding site
GACCCGAACGGGGG,binding site
GGATGCGTGCGCGT,binding site
GGATGCGTGCGCGT,binding site
GCGGCGCAGCCGCA,binding site
GAGAAGCGGACACC,binding site
GGACCCGCGCCCGC,binding site
AGGAGAAGGGAAGG,binding site
TCCGCGGCGAGGGC,binding site
GGGCTTGAGGGCCC,binding site
GGGAGGGGAGGGGC,binding site
GAGGCAGGGCGCGG,binding site
GAGGCAGGGCGCGG,binding site
GAGGCAGGGCGCGG,binding site
CTGAGCCCGCAGCC,binding site
TACCCAGGGGAGGA,binding site
GCCGGGCGCTGGGC,binding site
GAGCCGGGGCACCA,binding site
GCGCGCTCCCTTCT,binding site
CCGCCCCCGCCCGC,binding site
GGGAAGCAGGTCCG,binding site
GGGAAGCAGGTCCG,binding site
GCCTGCTATTGGCT,binding site
ATAGTGTTTTGTTG,binding site
GCGGGGCGGGACTC,binding site
GTTGGTGCTACACA,binding site
AACAGTGGTGCACT,binding site
ATTAGGTCAGCGCT,binding site
CCATCAGGCCGACC,binding site
GGTGGGGCCGGCGG,binding site
GGTGGGGCCGGCGG,binding site
GCGGGAGGCGGGAG,binding site
GCCGGAGGAGGTGG,binding site
GCGTAGGGAGGCGG,binding site
GCCGGAAGCGTGGG,binding site
AAATGGTGGGTGGG,binding site
GCGGAGGGAGAGCG,binding site
CCGGGACAGGTTTT,binding site
GGAGCTGGGGGGCG,binding site
GACCGGGGGGAGGG,binding site
CAGTTCACCTAATA,binding site
CCCCCGCGCGGCCT,binding site
GAGAAGGCGAAGGG,binding site
GGGGGCAGGGACTG,binding site
AGTTCTCCAAAGGG,binding site
GCGCCTCACGCAGT,binding site
GGGCGGCTCCCGCC,binding site
CCAGTTGAGGGCCG,binding site
CCGCGGCGGGGCAG,binding site
CAAGTGACTGGCCC,binding site
GGCCGTGGCGGTAG,binding site
AGCCCATTGGCCCG,binding site
GCCGGCCGCGCAGG,binding site
CGCCGAGCAGACCT,binding site
CGGGACGTGGGCGA,binding site
TGCAGCAGAACGCC,binding site
CTTCGCGCGCCTTT,binding site
CGGAGCGCGAGTCG,binding site
AGCGGGCGCGGGGC,binding site
ATCACATTTCAGCA,binding site
TGCGCCCAGGAACC,binding site
GTGGGCTGGCGGCG,binding site
GTGGGCTGGCGGCG,binding site
CCGCTCGTCGGCTG,binding site
CAAGGAGTAGGGCG,binding site
GGGAGTGAAAAGAG,binding site
CCAGAAACTTATGA,binding site
GGGCTGAGGGAGGG,binding site
CAGGCGCTCACTTT,binding site
TTGGAGGGACGCCA,binding site
CGGAGGGCGTGGCT,binding site
ACGGCGGCGAGCGC,binding site
ACGGCGGCGAGCGC,binding site
CGGCGGGGCGGGGC,binding site
CGGCGGGGCGGGGC,binding site
GGCGGGGCGGGGCG,binding site
GCGGGGCGGGGCGC,binding site
GCGGGGCGGGGCGC,binding site
GCGGGGCGGGGCGC,binding site
GCCGGGGCTGGGGT,binding site
GAGGGGGTGGGGGA,binding site
GGGCGCGGGCTTGG,binding site
GGAGGGCGCGGTCT,binding site
GGAGGGCGCGGTCT,binding site
GAGAGGGGGCTAAA,binding site
TCGCAGTCCTGGGG,binding site
CGAGGGGCGCTACG,binding site
CCCCCGTTGCGGGC,binding site
GTGCCTGAGCCGAA,binding site
GTGCCTGAGCCGAA,binding site
CGTGGAGGGGCGGG,binding site
CGTGGAGGGGCGGG,binding site
CGTGGAGGGGCGGG,binding site
TTCCGCCGCCTCAC,binding site
CCTGTGCTCGGTGG,binding site
AGGGAGGGGAGGGG,binding site
GGAGGGAATCCTGG,binding site
CAGCAGCCGCGGCG,binding site
CACGCAACAGGCTT,binding site
AAGGAGCCCCGCCC,binding site
CGCACCGTGATTGG,binding site
GTTTCTTCCCTCCT,binding site
GTTTCTTCCCTCCT,binding site
TGTCGGCGTCGGCG,binding site
GGGGGTGTGGCGCG,binding site
AAGGCAGGTGGGGA,binding site
AAGGCAGGTGGGGA,binding site
GGGGCCGCGCGGCG,binding site
TGCCGAGTCTCGAT,binding site
GGCAGGTCGGCCCG,binding site
TGTGGGCCACTCCG,binding site
TGCCCACGTGGCGC,binding site
GGCGGAGGCGGGGC,binding site
GGCGGAGGCGGGGC,binding site
CACGCGCACAGCCG,binding site
TGTGGCGGGCCGAG,binding site
GGGCTGGCCGGCCG,binding site
CTGGGCTGGGCCAC,binding site
GGAGGGGGAAGAGG,binding site
CCTCAGAAGCCGAC,binding site
TCGCGTGTCGGAGG,binding site
AAAGAGGCGGGGGC,binding site
TCGATGCCTGACGC,binding site
GGGTCGAGAGCGCT,binding site
CGCGGGGCGGGGTG,binding site
CACCCCGCCCCGCG,binding site
CAGAGTGCGAGGGG,binding site
ATGAGGACTGCGGG,binding site
AGGGCGGGGAGCGC,binding site
CCCCGTGCGGGAGC,binding site
CCCCGTGCGGGAGC,binding site
GCGCCCCGCAGGGG,binding site
GGGCGGAGACTCAC,binding site
CAGGCGCAGGGGGC,binding site
AGTCTTCAGCACTG,binding site
GGGGCGGAGGCTCA,binding site
TCCTTTAAGCGGAC,binding site
GCCATCGCCAACTT,binding site
GCCATCGCCAACTT,binding site
TCAAACCCAGCTCT,binding site
CCCGGAGCGCAGTT,binding site
CGGCTAGCCGCGCG,binding site
GCTGGGCGGCTCCG,binding site
AAGATCCCTTTTGT,binding site
GCGATTGGCGCTGG,binding site
GGAGAGATGTCGGG,binding site
TCCGCCATCTTGCC,binding site
GGTGGAGGAGCGTG,binding site
GGGGATGGGGTGAG,binding site
GAGAAGGGAAAATG,binding site
GGCTCTGGAGGGTG,binding site
TAGAAGCCAGGGGA,binding site
TAGAAGCCAGGGGA,binding site
TAGAAGCCAGGGGA,binding site
GTCAGACGCTTTAG,binding site
CCTCCGGCACCGGC,binding site
CCTCCGGCACCGGC,binding site
CAGCGCCGCGGCGG,binding site
GAGCCAAGGGCCGC,binding site
CCTAGGGGAGGACC,binding site
GCCAGCGAGGCTGC,binding site
GAGACGACTCCGCC,binding site
CGCGCGCGGGCGAG,binding site
GACTTTAAAGCGTT,binding site
GAACTCAGTGAGGG,binding site
GCTGGCCCCTGTGC,binding site
GCGGGCACTAGAAT,binding site
GACCGCCAACGAGA,binding site
CGCCGGGCGCCGCG,binding site
CGAGGGCCGGGGGA,binding site
AGCCACCTCGGCGG,binding site
CGGCGGAACTACAG,binding site
TTCCGCAGAAAGCA,binding site
AGGCACCTTTAAAT,binding site
GTGAATAGTTCCGG,binding site
AGGGAGGCTGAGGA,binding site
GAAAACAAAGGCGG,binding site
GAAAACAAAGGCGG,binding site
CGGCGGGCGGCGCG,binding site
GCGCGCGCGCTCTC,binding site
GAGGGCGGTTGCGG,binding site
GGGCCGGAAGTGCC,binding site
CGGGGCGGGGACTC,binding site
GGTCTGGGTGCGGC,binding site
AGAGTTGCGGGCTC,binding site
GAGGGGGCGGAGCG,binding site
GAGGGGGCGGAGCG,binding site
GAGGGGGCGGAGCG,binding site
GGGCCCGGCGGGGA,binding site
CCCCCTCACCTCGT,binding site
GCCGGGCTCGCAGG,binding site
GCCGGGCTCGCAGG,binding site
GCGGGGAGCGGGGA,binding site
GGTTCCTGCGCGCG,binding site
TCCTGGGCCCTACA,binding site
GTGGGCGGGGTTTC,binding site
GTGGGCGGGGTTTC,binding site
GTTGCTCCGGTAAC,binding site
GGTTGCATATTTTA,binding site
GGGTCTGGGGCGCA,binding site
GGGTCTGGGGCGCA,binding site
CCTGCTGCACTGCT,binding site
CGGGGCGGAGCCCT,binding site
CGGGGCGGAGCCCT,binding site
GTGATGGTTGGTTC,binding site
CCGGGCAGCCAGGC,binding site
GCCTACCGGCCCCG,binding site
GGTGCTCAGGGAGG,binding site
GCCCTGACGGCAGG,binding site
GCCCCGCCCCTGGC,binding site
CGTGGTCCCGCCGT,binding site
AGGCGGGGCGGAGA,binding site
TCCAGCGCTCACGC,binding site
GCCGCTCCCTTCCC,binding site
GCTGAGATGGAGAA,binding site
TGGCAACCTCAGAG,binding site
GCGGAAGGACACAC,binding site
GCGGAAGGACACAC,binding site
AGGCCGCGGCGACA,binding site
GGAAGCGGAACCGG,binding site
TGCGGAGTTGGCGG,binding site
GCTGATACCGAGAG,binding site
GCTGATACCGAGAG,binding site
GAGAGGAGGGGTGT,binding site
AAAGCTAGTAGCTG,binding site
AAAGCTAGTAGCTG,binding site
AGGGGGCGCCAGCC,binding site
TTAATGGGGATGTG,binding site
CCTGGGTGAGAGGA,binding site
TACGGTCTTCAAGC,binding site
AGCCGACCAGAAAG,binding site
ACCAATAAAGAGTA,binding site
GGCGGGATTAAGGT,binding site
CACAGATTAAGCTC,binding site
CACAGATTAAGCTC,binding site
GGAGGAGCTGGCAA,binding site
TTGGCTATGGGCCC,binding site
CCAGGGACTGGGGC,binding site
TGCCCTCAAAGCTG,binding site
TGCCCTCAAAGCTG,binding site
TTTGGCAACAGCTG,binding site
ACCGCGAGCGGAGG,binding site
AGGCCGCGGCGACA,binding site
AGGCCGCGGCGACA,binding site
GGTTCGGTCCGACA,binding site
CGGGCTTAGAACGC,binding site
AGAAGGAGGGAGGG,binding site
AGCGTATCCTCTGA,binding site
AGCCGCGGCCCCAG,binding site
AGCCGCGGCCCCAG,binding site
GCGGGAGGCGGCGG,binding site
GCAGGGGTAGTCCT,binding site
GAGGGAGGGATTTA,binding site
GCTGGGAGGCGGGC,binding site
GCGTCTACATCCAC,binding site
GCGCGGGGCGGGGC,binding site
CGGTGCTAAAAGCA,binding site
GGACGCTAGGCTTC,binding site
GCTCTGTCCTCCAT,binding site
GTCAGACTCGGGGG,binding site
CTGGTGCTTTAAAA,binding site
AGAAGTAAGAGAAT,binding site
ATGGCTTCAGAACC,binding site
CCGCTTCCCTGGTG,binding site
CCGCTTCCCTGGTG,binding site
GCGGAACCGCTGCT,binding site
AGACGGACGTAGCG,binding site
AGACGGACGTAGCG,binding site
GTGAGTCAGAAACA,binding site
GGGGCAGCTGAGTT,binding site
GGGGCAGCTGAGTT,binding site
GGGGTTGGCGGTGC,binding site
GGGGCTGCGGCCGG,binding site
GGGGTCGTGTTTAA,binding site
GGAGGTACGGACGG,binding site
TTCGGAGTTCCTGG,binding site
GTCCCATTCTTCTC,binding site
AGTGGCTTCCAGAG,binding site
AGGAGGGCGGGAGA,binding site
CGGGGCCGCCGAGG,binding site
GGGGGCGGGCGCGA,binding site
GGAAAGGGGATGGC,binding site
CCCGGGAAGGCAAC,binding site
GAGAGTGAGCCACA,binding site
GAGAACAGGTGTCC,binding site
CCACCAAGGTTCCT,binding site
GGGACGCAGCTGGA,binding site
CCCCCCAGTGGGAG,binding site
AGGCGCGGGGAGCC,binding site
AGCAGCCCAAGGGC,binding site
GCCGGCAGAGGTGG,binding site
GTGGGCGGTGCAGG,non-binding site
TTGGATTTATATGT,non-binding site
TACTAAAAGTACAA,non-binding site
AATCAAAAGGGTAC,non-binding site
TTCAGAATTACCAC,non-binding site
TCATTTATCACAGG,non-binding site
TTAGGCAGTTGGGT,non-binding site
CAGTGGCTCACACC,non-binding site
AATGAGGCATGAAC,non-binding site
TTAGTGACCAGAAT,non-binding site
TAACTTCAAAGTCA,non-binding site
TAAGTTTTTGGGGG,non-binding site
CATTTAGAAGCAGC,non-binding site
GCCAGTAGAGTAGA,non-binding site
AAATCCAACAGATC,non-binding site
TTTAGTCAGGCATA,non-binding site
GCAGCAAAGGGCTG,non-binding site
GTGATGATGATCAT,non-binding site
ACAAGATGATTAAT,non-binding site
CAGCCTCGACCTCC,non-binding site
TTCTATGAATAGAG,non-binding site
TGCTGGCGCATGCC,non-binding site
ATCTGCTGGCACCC,non-binding site
TTCATTCATACATT,non-binding site
TGTTGCCATGTTAA,non-binding site
TCCTGGACCTGGTA,non-binding site
AATTAAGCAAGTAT,non-binding site
AATTAACATACTCA,non-binding site
CTGAAAGACAACAG,non-binding site
ATGGACACAGGAAG,non-binding site
TCTTACATTTATTT,non-binding site
GAGGCTATGCAAAG,non-binding site
CAGTGATTTACAAC,non-binding site
TTCTTCTTTGCAGT,non-binding site
GCTTACATAATCTA,non-binding site
TAGACATTTCCCAA,non-binding site
TCTTTCTTATTTCT,non-binding site
AGAAGTATTTGGCA,non-binding site
TACTAAAAATACAA,non-binding site
CTGTAGCATCAACC,non-binding site
GCTAGAACCCTGGC,non-binding site
AGCTCTTGGCTTGT,non-binding site
TGAGGAGATCTCCA,non-binding site
AGTGGATAAACCTG,non-binding site
ACTCTTGGAGCCCG,non-binding site
TACTCGGGAGGCTG,non-binding site
GCTGGGACTACAGG,non-binding site
ACACGGTGTTGCCC,non-binding site
CATACACAATTTGA,non-binding site
TGGTAAACCACACG,non-binding site
GCTGGAAGCCACCT,non-binding site
TGTTATGTGTGAAT,non-binding site
CAGAACTGTGAGGG,non-binding site
ACATAGTCATGGTC,non-binding site
CATAAGATTCTTAG,non-binding site
CATTGGTCTTGCTA,non-binding site
TCTCATGTGGCCCA,non-binding site
AGGCTGGAGTGCAG,non-binding site
TAAATTAATTGAAA,non-binding site
TCTCATCCCTCATT,non-binding site
TGATCAGCCTGGGC,non-binding site
TGACCTCTTCAAGG,non-binding site
CAGCCTGGTCTCGA,non-binding site
AATGATGGTTTCCA,non-binding site
TCAATAATATTGGC,non-binding site
CCCGTGCGGACACT,non-binding site
AGAATGTTGCAGCC,non-binding site
TTAGCCGGGCGTGG,non-binding site
TTGCAATTGTATTT,non-binding site
AGTTTGTGTTAGTC,non-binding site
AACTTATGAGTATA,non-binding site
TCCAGGGGCCCCCA,non-binding site
GAGGAGCCGCGGCT,non-binding site
TCAGTGGCCAGTAA,non-binding site
TTTGGTCTCTCAAT,non-binding site
TTCTGAATATTTTG,non-binding site
TCTCCACCATTCTG,non-binding site
CTGGGACTACAGGT,non-binding site
CCGGTCCCACACAG,non-binding site
AGCCTGTTCGCACA,non-binding site
GATACCGCAGCTTT,non-binding site
AGATTTTGTTTAAA,non-binding site
AAGGCTGCTAATAA,non-binding site
AAAACAGAGAGCAG,non-binding site
AGAGCAAAACAAAA,non-binding site
GGGGGCAGGGGCAT,non-binding site
CATATTGTCTTATC,non-binding site
GGATCTGCAGAATA,non-binding site
GTCTATGATGATAT,non-binding site
TGATGTCATGTTTT,non-binding site
TAGAGAAAGGGTTT,non-binding site
AAAACACTAGGAAA,non-binding site
GCATGATGCTTTTT,non-binding site
GCTCTCATGAGACT,non-binding site
ACAAAAATTAGCCG,non-binding site
TATCTGATGGATAA,non-binding site
GGGCACTGCTCTCA,non-binding site
CCAATGTCACCTCC,non-binding site
ATGCACAAAGGGCC,non-binding site
GGGAGGTGGGCCCA,non-binding site
GAGTCTGCATGAAC,non-binding site
AATTGCAAGATGGT,non-binding site
TTGAGCCTCTGGAT,non-binding site
AAAATCTTGAATAA,non-binding site
TCCCACAACCCCCA,non-binding site
TCTTCTGATTCTGT,non-binding site
ATCTCATTGTAGAT,non-binding site
ACATACATACATAC,non-binding site
GCTAAGTTCGTGCT,non-binding site
CCTTGATTCGATGT,non-binding site
CAAGGTCACCACCC,non-binding site
AGGGAGAGAGGACC,non-binding site
GTCAGCAGTCATGA,non-binding site
ACAATACATGATAA,non-binding site
AATACTAGGTCTTA,non-binding site
CTAGGTTTCTTTCT,non-binding site
TTAGCGCTGGAGAC,non-binding site
TTTTTAGACAGGGT,non-binding site
CGCTGCATGGTGGC,non-binding site
TTAGTAACAGAATC,non-binding site
GGGCCAGCAGCAGC,non-binding site
TTAACCAACTCATA,non-binding site
AATTCTCTTGCCTA,non-binding site
AACGGGCAGACTGC,non-binding site
AGGACTGAAGTTTT,non-binding site
GCTCTGGAAGGATC,non-binding site
GACATAATGCAGTA,non-binding site
GAGTCACAATGTTA,non-binding site
ACCTTCTATGTTTT,non-binding site
CAAATGGCAAGAGT,non-binding site
TGAAGTACCCGGTG,non-binding site
TGTTGCTGCTTAGC,non-binding site
GCCAACTTTAGGAA,non-binding site
TGTCACCCAGGCTG,non-binding site
GTTCCTAGTGTGGA,non-binding site
GTGGTGATTCCTCA,non-binding site
CAGAAAATGCCGGA,non-binding site
GAGGGGCCTCGCCG,non-binding site
GCTTTGAGACTAGT,non-binding site
ACTTATTTACATTT,non-binding site
CATCTTCACACTTA,non-binding site
TGGGAGGCCGAGAT,non-binding site
TTTATTGAACCATA,non-binding site
AAAATATGGTCTAT,non-binding site
CCCTCTCACATCTC,non-binding site
AGTAATCTTGCCTC,non-binding site
CTTCAACAAACCAA,non-binding site
TTGGCCGGGCAAAG,non-binding site
GCCCCTCCCTGCCT,non-binding site
AGCTTAGGCTGCTA,non-binding site
TGGTATATAGTTTC,non-binding site
GTAAGCCTTAATGA,non-binding site
ATTGCATGGGACAT,non-binding site
CTTGTAGGAGTAAG,non-binding site
ATATTTCCAGAGGC,non-binding site
TCTATTTTCTTACT,non-binding site
AGGGGACCCTTCCA,non-binding site
TCAGACTATAGTGG,non-binding site
CAGCCCCTATTTTT,non-binding site
ATCACTAGGTCAGG,non-binding site
GTGAAAACAATTGA,non-binding site
TGATGGAGTGAGAT,non-binding site
GAAGAGCTGACTCC,non-binding site
TACACAGTATTATT,non-binding site
TCTCAACGCTCTTC,non-binding site
ACCATTACTTCTGA,non-binding site
ATACTGTGGCATTC,non-binding site
CGCAGAAGGTTGCG,non-binding site
CACCTTACCCCAGC,non-binding site
CCCATTGTTTTCCT,non-binding site
ATTGATTGGAATAA,non-binding site
TAAGCAATTCCGCT,non-binding site
GTTCTGATTCTGCT,non-binding site
TTACTTGTTAAATA,non-binding site
CGTGGCTGGAGACA,non-binding site
GTATGCACTGACAG,non-binding site
TGATTTGTCAGTTG,non-binding site
TCATTTCTTTTATG,non-binding site
GCGCCGTCCGGCTC,non-binding site
TGTTTTCGTATTTT,non-binding site
ATGGTATCACAGTG,non-binding site
AGTCATTTACCTAA,non-binding site
AGGGCTGAGGCTAA,non-binding site
GAATGAACAAATAT,non-binding site
AGGTAGAGAGTCCC,non-binding site
TTCAGCATCACAGT,non-binding site
TGGAGGGTGGCAGG,non-binding site
CTTCATCCCTCCAG,non-binding site
ATGCAGACTGGGCA,non-binding site
ACTCAAACAAATTT,non-binding site
AAGTGCTGAGATTA,non-binding site
AGAGCATACAGTGT,non-binding site
TTTGAAGATGAATT,non-binding site
GGATTACAGGCGTA,non-binding site
TTAATATTTTTGGA,non-binding site
CCATTTTTTTCCCC,non-binding site
AGACTGAAGCTCCA,non-binding site
CCCATCCCTTCTAT,non-binding site
GAAGAAATTAGAAC,non-binding site
ATGGAGGAGATTGT,non-binding site
CTTGTACCTATTTC,non-binding site
GGGGTTTCACCATG,non-binding site
AAAACAGAAGACAA,non-binding site
AGGCGTGAACCACT,non-binding site
AACCCTGTCAATGC,non-binding site
CTATTTTGATTGGA,non-binding site
AGAAGACAGGCGAG,non-binding site
CAGAAAACCCTTTG,non-binding site
CTAAACTAATTTGT,non-binding site
TTACAGGGAGGCAT,non-binding site
GCTGCTGAATTAGG,non-binding site
CCAAATCTTGGCTA,non-binding site
TGTTCTTACAATCC,non-binding site
TCTTTTTCCCTACC,non-binding site
GTGTTTACAGGGGA,non-binding site
AGCACTTTGGGAGG,non-binding site
GACATCCCCTGTGC,non-binding site
AAAAAATACCCTCT,non-binding site
GTCATAGATGGCTC,non-binding site
AGGGATGCAGAGTT,non-binding site
AACAGGGGTAGGCA,non-binding site
CTCAAATTCCTGGG,non-binding site
GGAGGATGGCTTGA,non-binding site
GTGCCATTGCACTC,non-binding site
ATCCCTAAGTACCT,non-binding site
TTCCATTGATATGT,non-binding site
TAATTTAGATATTC,non-binding site
GTCCCAGCTACTTG,non-binding site
TATGTCCAGGTACC,non-binding site
TTATTTGTCTATTT,non-binding site
AGAAAATACCGGCC,non-binding site
GTGAGAACATATGA,non-binding site
CATACACACACACA,non-binding site
GAGAATTGCTTGAA,non-binding site
TATTAATTATTTGT,non-binding site
AGGGCATTTATCAA,non-binding site
TTGTAGTGAAAGAT,non-binding site
TAGAATAGATAACA,non-binding site
ATAAGACACCGAAA,non-binding site
CTAGGGGGTCTTGA,non-binding site
TTTGCTGAAGTTGC,non-binding site
ACACATAAAAACAT,non-binding site
TGTTAGCCAGGGTG,non-binding site
TTTGAGATCCTCGG,non-binding site
GGATTTCTTATTTG,non-binding site
CACCGGCCTCTTAG,non-binding site
GTAGGCTTTGCAGT,non-binding site
AGATATAGAAACCC,non-binding site
CAATGCAGTTCATA,non-binding site
TAACCAGAAAAAAA,non-binding site
TAGGTCAAATTGGT,non-binding site
ATTTCACACCTAGG,non-binding site
GTGGCCCGGTGGGG,non-binding site
GCTTCTGGAACATG,non-binding site
ATTCAAGGCTGATG,non-binding site
TACTGAATCACCTA,non-binding site
TGACCCAAGTTCAG,non-binding site
TAGAACAAATGTCC,non-binding site
AAATTTTTTTTCAT,non-binding site
AATTCACAATTATT,non-binding site
AATTATAAAATATA,non-binding site
CGCTGTTCTAAACC,non-binding site
CTCCTGGCCTCAAG,non-binding site
GATTGTAGGTGTGA,non-binding site
GTAAAAACCCCATC,non-binding site
ACAGGTGCCTCCAG,non-binding site
CCGTGTTGATGGAA,non-binding site
TTATAATTTGCCTT,non-binding site
CACTTGATTTAAAT,non-binding site
CCCCTTCTTATGCT,non-binding site
GGAACTTTCGTGTA,non-binding site
CATGATATTGGCTA,non-binding site
CACAAAAGGACAAA,non-binding site
ATGGAGCTAAAATC,non-binding site
TGTGTGGTTTAAAT,non-binding site
TTGGAGACCAGCTT,non-binding site
TTATGACTGAATAA,non-binding site
TCTTAAATAATTCT,non-binding site
CATTGATTATCTAA,non-binding site
TGTGCTGCAGTATA,non-binding site
GTTCAACATACGCA,non-binding site
CAGCATTTCAGGAT,non-binding site
GCATAATGGGGAGG,non-binding site
GCATCTGAGACAGG,non-binding site
CTGAGCACCATCCT,non-binding site
TCGCGCCACTGTAC,non-binding site
AATGTGCTGATGGA,non-binding site
ATAATTGTCAGATG,non-binding site
AGGAGAATTGCTTG,non-binding site
CTCTTCTCTCTATC,non-binding site
CCCATCATTGCCAC,non-binding site
GCCCCACCTCTGAA,non-binding site
TGGTATGGTATGGT,non-binding site
CCATGTATCAAAAT,non-binding site
TGAGTCTTTGACAT,non-binding site
CTGTAAAGACTTTA,non-binding site
GTGCACAGCCCAGG,non-binding site
AACTCACTCTCCTT,non-binding site
TGAAGCCACTTTAC,non-binding site
ATTACAGGTGTGAG,non-binding site
CTGTCTTGCTGGCC,non-binding site
GCCTCAGCCTCCCG,non-binding site
TTATGAATACATGT,non-binding site
GCTCAGAGAATGTT,non-binding site
AAATGACATATCCT,non-binding site
AGCTAATACATTAC,non-binding site
ATTCTCGTTTATGG,non-binding site
TGCACGCCTGCAGG,non-binding site
AGGAGCTCCTTATT,non-binding site
CATGTCAACCATTC,non-binding site
TGGCTAGAGATATT,non-binding site
GGAGTTATTCCTTA,non-binding site
CAATGCACATTAGA,non-binding site
ATGACTAGCTGTTT,non-binding site
GAGTGTTTGCTGTC,non-binding site
ACTCCGGAGGTAGG,non-binding site
ATAATGTGAAGACC,non-binding site
CACAGGTTCATGAA,non-binding site
TCCAGGCGAGAGTC,non-binding site
TAAGCTTTTTGGAG,non-binding site
AGTGCAGTGGTGCG,non-binding site
CTGCCAGAAGGAAC,non-binding site
ATGTTCTCTTTATT,non-binding site
GGACGCGACTGCCC,non-binding site
GACTGGTGTTTTGT,non-binding site
CAAACAGGTCTATA,non-binding site
GAAAACATTTTCAG,non-binding site
TTGAACCTTACTAA,non-binding site
GTAAGATTTTGAAC,non-binding site
AATGCCTGTGTAGA,non-binding site
AGGCTGGCTCTACC,non-binding site
CCATTGCTTGTTAT,non-binding site
GCACATGCCCTGCA,non-binding site
TTTAACATCTAATT,non-binding site
CCTGTGAAGCTCTA,non-binding site
AAACGATAAAGGAA,non-binding site
GAGTCATTTGTCCA,non-binding site
GAATAGGTGCTATA,non-binding site
TCAGGAATCTCCAT,non-binding site
AACAAGAGCAAAAC,non-binding site
TTAAGGTTATAATA,non-binding site
TCCCAAAGCGCCTT,non-binding site
CCCCATCAGTTGTT,non-binding site
TATACATCCACTTA,non-binding site
AGCCTCGACTCCCT,non-binding site
ATGCTTCTATATCA,non-binding site
CCATTGCAAGATTT,non-binding site
CCCCCAACTTTTGC,non-binding site
GGCCAAGTAGGAGG,non-binding site
AGCATTCTCATTTC,non-binding site
AAAAAAAAATTTTT,non-binding site
GGAGCTGAGCTCCT,non-binding site
TATTTTTCTTAGGA,non-binding site
TAGGAGACAGGTAT,non-binding site
CTTGGTTGGAGGTG,non-binding site
TTATGAGTGAGAAC,non-binding site
CATGTTCTTTGGGG,non-binding site
CCTCATTTTAAATA,non-binding site
TAATCCCAGCATTT,non-binding site
TTAGCAGATTCCAA,non-binding site
GATTTGAGGGTCTT,non-binding site
TTTTAATTACATAT,non-binding site
AGGCATGATATGGA,non-binding site
ATGGTAGGTGGCCC,non-binding site
GAATGACAGTCTTT,non-binding site
AGGGGGATAACCCG,non-binding site
TTTAGGTTTTCTAG,non-binding site
TACATTTTTATGAA,non-binding site
CTTCCGCCCAATGC,non-binding site
TGAAAGGAAAGAAA,non-binding site
ACATGCCTGCAATC,non-binding site
GAGGCAGCATATGT,non-binding site
GTCTAACCAGATAA,non-binding site
GTTAAAAATGATGC,non-binding site
TGCCCAGGCTAGAG,non-binding site
GTGTATATATACAG,non-binding site
TTTACACATATTAT,non-binding site
CCTTCCTTCTCCAT,non-binding site
TGGGAACCTTGTGA,non-binding site
CCCACCCATGTACG,non-binding site
TCGTTCCAGAGAAG,non-binding site
GTTTGCCATAGGAA,non-binding site
AAGGAATTTTAAGA,non-binding site
CACCTCCCGGGTTC,non-binding site
CATGAGAACTGCAT,non-binding site
AAACTATAAAAATA,non-binding site
TAGTCCTAATAATT,non-binding site
TGTGTGTGTGTGTG,non-binding site
TCTGATTTCTTTAT,non-binding site
AAAGTAGGAAGTCT,non-binding site
ACACTAAATTGAAA,non-binding site
TTATCTAATAGGTA,non-binding site
TAAACGGAATCTTA,non-binding site
TTAGATGTTCTGGG,non-binding site
ATTCCATTAAATAA,non-binding site
TAAGAAAACCACCA,non-binding site
AACTAAGTTAGAGC,non-binding site
AACAATCTGCCATG,non-binding site
AGGAACACTTAGGG,non-binding site
TACTAGAAATACAA,non-binding site
TCTAAGTTCATATG,non-binding site
ACTACAGGCACGTG,non-binding site
TACTGAATATAGGT,non-binding site
ATGGCAGGGCGACC,non-binding site
GACTCAAAAGGCCC,non-binding site
GGCGCTGTGGTGTA,non-binding site
TGACAGATGTGATA,non-binding site
CCTTCCTTTGCAGC,non-binding site
TGATAGGATAAGCA,non-binding site
GGAGATGGAAGAAC,non-binding site
CAGACAAAAGCTCA,non-binding site
TTATGGGTTATACT,non-binding site
AAAAAACAATTAAG,non-binding site
ATAAGATTTATCAC,non-binding site
CCCACAAATGTATT,non-binding site
CACCACACATTTTA,non-binding site
TATTCTTATCTATT,non-binding site
GCATTTCAAACCCA,non-binding site
AAATATATGCAATT,non-binding site
TTATAGAATCCAAA,non-binding site
GTCAGGGTGGGAGG,non-binding site
CTAACACAACAAAA,non-binding site
GGGTGCAGGGGGAG,non-binding site
TAGAACAATACTTG,non-binding site
TATTCTGCTGTTTT,non-binding site
GGTATGATTGCTGC,non-binding site
TTGTTAGAAATACA,non-binding site
ACTCCATTCTTATT,non-binding site
TCCCAGCATGCTCA,non-binding site
AAAAATTTTTTAAG,non-binding site
TCTCAGGTTTAGCC,non-binding site
ATGAATAACGAAAG,non-binding site
TTTCATTAAATTTC,non-binding site
GAACTAATATTTGA,non-binding site
CACCAGCAGAAGGC,non-binding site
TATTCACTTTAAAA,non-binding site
GGGAGAGAGAGAAA,non-binding site
GGCTGCCATGAAAG,non-binding site
GGCTCTGGTTCTGA,non-binding site
TCCTGTCCATTCCC,non-binding site
TGAAAATTTCAAAA,non-binding site
GAGAAACCAAGAAT,non-binding site
TCGGAAATAGCAGT,non-binding site
CCCTTGATGACACT,non-binding site
GTCTCACTCTGTCA,non-binding site
AGGTGCCATCTTCC,non-binding site
CTTATGTACAATGA,non-binding site
CAGTTGGATGTCTT,non-binding site
GCAAGTCCCTTCTG,non-binding site
TGGATCTTGTTTCT,non-binding site
AGGCGGGACAGTCC,non-binding site
ACTCATGATTTGGC,non-binding site
ACGGTCGTAGCTGT,non-binding site
CAAGCACTGGCTGA,non-binding site
TTTTTGTATTTTTA,non-binding site
CAATAGCTAGCTTC,non-binding site
CCAGCTTTTGCCCA,non-binding site
TTTTCTGACATGAC,non-binding site
ATGCCATTCTCCTG,non-binding site
ATTGGATCTATAAA,non-binding site
TTGGGCAAAATTAC,non-binding site
TCTGACAAAGGGCT,non-binding site
AAAGTTTCACTTTG,non-binding site
CTTAGTCTCTCATA,non-binding site
GCAGGTTCCTCATC,non-binding site
CTTGGCCTCCCAAA,non-binding site
TCCTGATTTTCCAC,non-binding site
AGATTCTAGAACAG,non-binding site
TTGAGGCTAGGAGT,non-binding site
TTTAACATGAGCTA,non-binding site
CATGGTCTCCCCAG,non-binding site
CAGAAGGCCCTGCA,non-binding site
TATACCTTTATTAT,non-binding site
TGGTAAGAAGCAGA,non-binding site
CTTCCATTAAAAGA,non-binding site
ATTACTTTTTCAGC,non-binding site
TTTTAATGTAGTAA,non-binding site
CAGTCTCTGGTTTC,non-binding site
TTCAAATTGTCCCT,non-binding site
AACAAAATTTGAGA,non-binding site
CCCTGACTTCTACC,non-binding site
GCTTTTTGAGGCCT,non-binding site
ACATGGACATGTTG,non-binding site
AGAGACACTGTGGC,non-binding site
TCTTTATTATTCAT,non-binding site
CTTACTTTTTTTCT,non-binding site
TGGAGAACAAAGTG,non-binding site
TTGGTTCTTATGGA,non-binding site
TACTAACTCACTCT,non-binding site
CCTAACTAGAAGCT,non-binding site
CACTAGCTCCTTTC,non-binding site
GCCTAACTCTGCTG,non-binding site
TCTAGAAGATCCCC,non-binding site
TTACTCTAAACCTG,non-binding site
ATAAGTGTTCGTGA,non-binding site
GATCATGCCACTGC,non-binding site
AAACTTTTGAGGGA,non-binding site
AAAAAAATACTCAG,non-binding site
TACAAAAGAGGAGG,non-binding site
TGAAATCAGAATTT,non-binding site
AAGATATGCCAATG,non-binding site
TGATACCAAGTGGA,non-binding site
TTCCTCTTGCCTTC,non-binding site
ATATCCAAGACTGC,non-binding site
GCTTGGGGAGCCCG,non-binding site
CCTCCATTAAAACT,non-binding site
AAGTTCAAGACAAG,non-binding site
AACAGCCTAGTCTA,non-binding site
TATAAGGAGAAGGT,non-binding site
ACATTATTACCATA,non-binding site
CATGATAGATTTTT,non-binding site
AGGTGATCTCCTGT,non-binding site
TGTGAGTTGGATTA,non-binding site
GATTTTGATTGCCT,non-binding site
CTAATTCAAAACCT,non-binding site
TTGTTTTGTCTCAA,non-binding site
AGCAGGGCTTGGAG,non-binding site
TACCACAAACTTAG,non-binding site
CAGTGCTTATGGTA,non-binding site
CATTAAGACACTAG,non-binding site
TTAAGGTAGTGAAC,non-binding site
ACAGCATCAGACCT,non-binding site
ATAAAACTTAGTGA,non-binding site
TTTTGGAGAGTAAT,non-binding site
AGCTCTACCATGAG,non-binding site
AATTTGGGGTGACT,non-binding site
AGGTGGCTTTCCCC,non-binding site
ATTTGAGTGTAGTG,non-binding site
GGACACAGGAAGGG,non-binding site
ATTTTTGTATTTTT,non-binding site
AGTCTATTTCCCCT,non-binding site
CAGACGAGACTGAG,non-binding site
TAGTCCCAGCTACT,non-binding site
GTGAGCCATGATCA,non-binding site
ACAGCCAGGTCGCT,non-binding site
TATATAATTTTTAT,non-binding site
TAAGCATGGCATCC,non-binding site
GGATTTCAGTGTAG,non-binding site
TTGCCTGCATAAAT,non-binding site
GTCTGAAACATTTA,non-binding site
AAAAAGTAAGTTAT,non-binding site
TTAACATCATTGCA,non-binding site
TCCATTATATGTAT,non-binding site
AATATGTCACCAGG,non-binding site
ATCACAACTTCTAA,non-binding site
ATGCCTGTAATTCT,non-binding site
TTGCAAATGTGAAA,non-binding site
ACAGGTGGAAGGTA,non-binding site
TGGAGACCATCCTG,non-binding site
TTATTACAATCAAA,non-binding site
ATATCACAAACAAA,non-binding site
ACTTAAAACAATGT,non-binding site
GATCTTCCAGATTG,non-binding site
AAAAGCTGGGCATG,non-binding site
AAGCAAACCAAAAA,non-binding site
TCCCTATAATCCCT,non-binding site
ACTGGGCAATTTAC,non-binding site
AGAAGGGATTAGAG,non-binding site
CACAGAAAAGACTG,non-binding site
TAGTTTATTTATAT,non-binding site
GAATTTAATGATAC,non-binding site
CTATACTTATTCAC,non-binding site
TCATTCCTTCCTCT,non-binding site
GGTGATTTCTGCAT,non-binding site
GAAGTTGAGGCTCA,non-binding site
AAACTCCAATATCC,non-binding site
AATAAATCATGCAG,non-binding site
GATCAACAAAATTG,non-binding site
ACCATGCCCGGCTT,non-binding site
AAGACGTGATTCGC,non-binding site
TATCTCAGTACAGT,non-binding site
AAAGCTCCTTATAT,non-binding site
CGTCTTACATGGTA,non-binding site
ACAGGCTCCTTGGG,non-binding site
AAACCCGGGTTCTC,non-binding site
TGCCAGGTGGAGCC,non-binding site
AATTTTATGAGGTA,non-binding site
ACAACGATGACGAT,non-binding site
ATTCTTTGCAAGTT,non-binding site
ATCCTCCCACCTCA,non-binding site
TACATTTTTACCAT,non-binding site
CAATTGTTAAGCAT,non-binding site
AAACTGTTCCAAAC,non-binding site
GTGATTCCTAAATA,non-binding site
AAATTAGCCGGGCG,non-binding site
TCAGTGTAGGGAAA,non-binding site
GGGCTTTGCAAAGA,non-binding site
GGAAAGTACCCTCC,non-binding site
GCCCATCAAAAAGC,non-binding site
ATTTTTTTTTTTTT,non-binding site
CCGCCATGATTGTG,non-binding site
GGTAATTACAAATG,non-binding site
ACTTGAGAAATCAA,non-binding site
GAGAGTGAAGTTTC,non-binding site
TGATGGGACCGTTT,non-binding site
GGCTGGCTGAGATC,non-binding site
GAGGCAGGAGAATC,non-binding site
CCAGATGCCTGTCC,non-binding site
AACGAGATTAAAGA,non-binding site
GCTGCTTTTAAAGT,non-binding site
ACACACACACACAC,non-binding site
AGGCGTGAGCCACT,non-binding site
TAAAATTTACAATA,non-binding site
CCATTTTACACATG,non-binding site
AGAGGAAACGGCTC,non-binding site
TTCCAGTCCCTATT,non-binding site
CTGATTTTGATGAA,non-binding site
GACTACTCCAATGC,non-binding site
TCATGCCGGTAATC,non-binding site
GCTTGATTCAATAA,non-binding site
CATTCTTGTCTCCA,non-binding site
GTCAAGTGAAGGAA,non-binding site
CATGATTGGGTTCA,non-binding site
TTGATCTTTAATCT,non-binding site
TTATCACTCATTTA,non-binding site
TCTGAGCTTGGTGC,non-binding site
CCGACCTCAGGCGA,non-binding site
GATAAGAAAATGAG,non-binding site
AAGGAAGAACCCAG,non-binding site
AGATGTTTGCAAGT,non-binding site
TCTGGGCCAGAAGA,non-binding site
TTAAATGGGCTCAA,non-binding site
AAGTGTATTTTCCC,non-binding site
TCACGTAAAACTTG,non-binding site
AGGTTAATGAACTG,non-binding site
CAGGAAGGCAGGAA,non-binding site
CTGGGACCCTCTGT,non-binding site
ACTTATTTACTGCT,non-binding site
CACCCGGTCGCCAC,non-binding site
TTCTTTCACATGAC,non-binding site
TTAAACTCAAATTT,non-binding site
GTCAGAATTTCTCC,non-binding site
TGCTTTATTTACCT,non-binding site
GCAAGCCACTGAGT,non-binding site
ATAATTTTACAAAG,non-binding site
TGTCAAATTGCTTC,non-binding site
AAAGTGCAAGCATA,non-binding site
ATTCATTAGCTGAG,non-binding site
TAAAATGTACACAA,non-binding site
CATTCGAATGGGGC,non-binding site
CTTAACTCATCCCA,non-binding site
TGAAGAGTTAAGTG,non-binding site
TCAGCAGCTACTGA,non-binding site
TGTTTGCTTTATGA,non-binding site
TGTCTATTAGGCCT,non-binding site
CAACACACACCTGA,non-binding site
GTTCTCCATGGTCT,non-binding site
TGGAAGACTCAGTA,non-binding site
TAATTAGAATATAT,non-binding site
GAAACTCAAGTGGC,non-binding site
TGTAAGTTCTGAAA,non-binding site
GGGTAAATAAGCCA,non-binding site
GTTAATTGAGTCCT,non-binding site
TCAAGTTTTGAGAG,non-binding site
AAACCTACCCCCAG,non-binding site
ACAAGCCAGAAGAG,non-binding site
GAACAGCCCCGGAG,non-binding site
TGGCCAACATACAG,non-binding site
ACCACCCAGAAAGC,non-binding site
CAGCTGTGATACAT,non-binding site
GCTCAAAGGTGAAC,non-binding site
TTTGGAAAGTGGCA,non-binding site
CAGAAATCCCAGCT,non-binding site
TTTATAGAAAAAGT,non-binding site
TATTAATTGGTCAT,non-binding site
TAGGCATGGTGGTA,non-binding site
GCGGAGCGAGCGCC,non-binding site
GGCTAGAGTGCAGT,non-binding site
TTTCAAGATTTGAG,non-binding site
AGCACCTCACCAAA,non-binding site
CATCGTGAGCAAAC,non-binding site
AGCTAGGGCTTTCT,non-binding site
TATATAGTGCCTAG,non-binding site
GGCACAATCTCAGC,non-binding site
TGCCATGGATGCCA,non-binding site
TCCTCTTCCCTTTC,non-binding site
GTCTCAGCACTTTG,non-binding site
CCATAGGGTCTGCA,non-binding site
TGATAATGTCTAGA,non-binding site
TGAACGAGGGAAGA,non-binding site
CTATCTATCTAGAT,non-binding site
GACATGAAAAGATA,non-binding site
CAACACCCCTTTGA,non-binding site
GAGTGTGCAAATAT,non-binding site
GAGGGCCACCATCC,non-binding site
AGCCTGGCCAACAT,non-binding site
AGTTGTCACCCGAC,non-binding site
TGGCTAATCAGGAA,non-binding site
AGTGAAAGTGTCCT,non-binding site
AATGTGAAGGGTAC,non-binding site
TGTGGCAGCACTCG,non-binding site
GTAAAAGTGCTTTC,non-binding site
AGACTAGATGCATT,non-binding site
ACCCTTTAGTGGAA,non-binding site
GAGGAACGCCACTA,non-binding site
TGAAGAGAAGGTGA,non-binding site
AGGCTGGGTGCGGT,non-binding site
TGGAGAAGGAGGCC,non-binding site
TGTTCACTCAATCA,non-binding site
CAGGCGTGAGCCTC,non-binding site
CCCAAAGTGCTGGG,non-binding site
AGATGGTATTGAAA,non-binding site
TGCCTGCAGCTTTC,non-binding site
CAATGTAATGTGGT,non-binding site
AGCTGAGGTGCTTT,non-binding site
CCTTCATCAGCAGA,non-binding site
TCACAAAGGTGTCA,non-binding site
AACACATGCACATC,non-binding site
AAAGGAGCCCAAAT,non-binding site
AAATGGTGCTGGGA,non-binding site
AGGGGAGTCTGCTC,non-binding site
TTTTTTGGATATTT,non-binding site
TTATTGATATCCAA,non-binding site
TGTCTTTAGGATAT,non-binding site
TGACTGAATTAAGG,non-binding site
CATCTTTTTGCTAT,non-binding site
TTCAAGTGATTCTC,non-binding site
ATGCGAAGTAAAAT,non-binding site
TGGGATTACAGGCG,non-binding site
GCATTTATTACCAT,non-binding site
ACAAATGTATAAAT,non-binding site
TTAGTAACATGTAA,non-binding site
TATCTCATTATGGT,non-binding site
AGCACTTTGTATAT,non-binding site
CCTGCATATAAACA,non-binding site
GATTATAAATTCTA,non-binding site
CTTTTTCTCATTCT,non-binding site
CTTGAAGACATCAA,non-binding site
CGCTTGAACCCAGG,non-binding site
CCATTAACAATAGA,non-binding site
GAAAGTGCCTGCTT,non-binding site
GATAATTTTTGAAT,non-binding site
ATAGCCCCTGAAAA,non-binding site
TTCCCCCCACCCCA,non-binding site
TAATTTTTTGTATT,non-binding site
AATAAATACTCTTG,non-binding site
ACCAAGTATAACAT,non-binding site
ATCCTTCTGGTAAC,non-binding site
TATGTCAAGTACTC,non-binding site
TGCCGCAGCAGGAG,non-binding site
CAGGAGTTCAAGAC,non-binding site
GGGAAGAAAGAAAT,non-binding site
GAGCTGTCTGACTT,non-binding site
CTTACAGCTTATAC,non-binding site
TAATTACAGTATTG,non-binding site
GGCGTGTTCAAGAC,non-binding site
AGATTTCTGCACGA,non-binding site
CCCATGATCTAAAA,non-binding site
TCCATCCCCCGGCC,non-binding site
ATTAGTTCAGAAAC,non-binding site
GACTATGCAGTCAA,non-binding site
AGGGCAGTCAAATC,non-binding site
ATTGTTATCCCATA,non-binding site
TGACTTTGGATTAA,non-binding site
GTATTTCCAACATG,non-binding site
TTTTTTATTATTAT,non-binding site
CCAGAAAACATGTA,non-binding site
TATGGAATGTATGA,non-binding site
ATGAAGGATAACTT,non-binding site
TGCCTGTAATCCCA,non-binding site
TGTAAGTGTTCCTG,non-binding site
AACTTTCTCTTTTC,non-binding site
GAGTATGTAGTGAG,non-binding site
GAGGGGCCTGGGAA,non-binding site
TTTTAATTTGCACT,non-binding site
CAAAATAAGTTATT,non-binding site
GATGAAATTTAGAG,non-binding site
TAGCACAGAGTAGA,non-binding site
ACTCCAGCCTGGGC,non-binding site
GCAGGAGGGGGAGG,non-binding site
CCTGGTAGACATTC,non-binding site
TAATATGTTCATAT,non-binding site
TGTAGGTGATGTGC,non-binding site
TGGACTAAAGGACT,non-binding site
CATGGCTGGGGAGG,non-binding site
GATTAGAAAGACTA,non-binding site
CATACCTGGCTAAT,non-binding site
CAAAAACCTCAAGG,non-binding site
AGCCACCATGCTAG,non-binding site
GAGTCTGGGTCATA,non-binding site
CTGCAAAATTAAGC,non-binding site
GGAAAGAAGAGTCC,non-binding site
AATGGATTCTGCCT,non-binding site
CACCATGTTGGCCA,non-binding site
GTACAGTATGTGAC,non-binding site
ATAGTTTAAAAAAA,non-binding site
AGGATATTTTCCAG,non-binding site
TAATTTTTGTAGAG,non-binding site
CGTGGATGCAGCTG,non-binding site
AACCACAGCTCAAA,non-binding site
CTTCCCCACAACTA,non-binding site
AATGTGTCTGGACT,non-binding site
CTACCACCATGAAT,non-binding site
TGCAAAAACACCAT,non-binding site
CTTTCACTGAGAGC,non-binding site
GAACAGATGTTGCA,non-binding site
CTCTGAGTGTTTAC,non-binding site
TGGCACATAGGGAT,non-binding site
CCCGCTGTCTTTCT,non-binding site
CCAGCTAATTTTTG,non-binding site
TACATAGTGATGCC,non-binding site
AGAGAACTTCACAG,non-binding site
AAATGGGCAAAGGA,non-binding site
TTAAAATTCCCTTT,non-binding site
ATAAATTTATGTTG,non-binding site
GTGGGTGACCGTAT,non-binding site
AATTCAGGAGTTTG,non-binding site
AGCCCTCCACAAGT,non-binding site
ATTTAAACATAAAT,non-binding site
GAGGGTAGAGGGTT,non-binding site
GAAAAAGTACAAAA,non-binding site
TTATTCCATGGCCC,non-binding site
GCTTTCACATGCCA,non-binding site
AACCTGGCAGTTCC,non-binding site
AGAGTTGATCTCAT,non-binding site
AATATACAATCTTC,non-binding site
AGTAACTTAGCAAG,non-binding site
ATCAAAGAAATGCA,non-binding site
CAGCTACTCGGGAG,non-binding site
GTTAGTTTTTCAAT,non-binding site
TAGTAACTGTTGAA,non-binding site
TTCATATGTTAAGA,non-binding site
TTAAGTGTAAAAAA,non-binding site
GTGGGTATCACCGT,non-binding site
TTTCATACTTCGTT,non-binding site
TTTTGGCCAGGCTG,non-binding site
TATAGAGTTATGTG,non-binding site
CAAGGTTGCTCAGC,non-binding site
TGAGTCAATCCCAC,non-binding site
AGCCCAGGAGTTTG,non-binding site
CACGGCTGCTGCTT,non-binding site
GGGTATATAATAAA,non-binding site
CATGCGCTTACTCC,non-binding site
GCATTTCTCTAACG,non-binding site
TGAGAAATACTTGT,non-binding site
TCCTATTGAAGAGA,non-binding site
GGGATTACAGGCAT,non-binding site
GATTTGAAAAATGA,non-binding site
AGAATCACTTGAAC,non-binding site
GGCAAGAAGACAGC,non-binding site
GTTTTCAGCTTGAA,non-binding site
GAATCCAAGTTTCC,non-binding site
AAACACCCACCGCC,non-binding site
GCTGTACTCTTAAA,non-binding site
AAAACCATAAAAAG,non-binding site
GCTTGTTCTTCTTG,non-binding site
CTTTTCTCCCCAGG,non-binding site
AGTGTATTGGTACA,non-binding site
AAGCTAAAATTTTC,non-binding site
AAAACTCTCAATAA,non-binding site
ATGTTTCCCTAGGT,non-binding site
ATTATGTTTTGTAA,non-binding site
CAGTCATAGCTGAT,non-binding site
TTTGCATATTAGAG,non-binding site
AATGATGAGTTAAT,non-binding site
GGTAAGTAAGAGCC,non-binding site
CCAGGGAGGAGGCG,non-binding site
CAGGCTGGAGTGCC,non-binding site
CTCATGCTGAGAGT,non-binding site
TTACAATAGCTACA,non-binding site
GGCATGGGGACTTG,non-binding site
TGTAAAGATTAACG,non-binding site
TGGTGCATGCCTGT,non-binding site
TGACGAGTTAGTGG,non-binding site
CTGTTGCCCAGACT,non-binding site
CATTCACTAGTTGT,non-binding site
AAATTTATTCATAA,non-binding site
CGCCTGGCTAATTT,non-binding site
CAGCTATTCTTACT,non-binding site
AAGGTCTCCTTCAG,non-binding site
GGCAACAGAGCAAG,non-binding site
TCTGTAAATGGCCT,non-binding site
TATAATATTAGCAA,non-binding site
TAAATATTTTTAAG,non-binding site
CGGTCTTGGAGCTG,non-binding site
CAGGCTAGTCTTGA,non-binding site
CCAGCCTTCTTGGA,non-binding site
TAGTTTACTAGTTT,non-binding site
AACACATACTAGCC,non-binding site
AATATAACGTATCA,non-binding site
ATATTGTTCTTCAA,non-binding site
AGGCTCTGAGAAAA,non-binding site
ATGATATAACATAT,non-binding site
GTCTATTTCCTGGG,non-binding site
GAGTTCCTTAGCTG,non-binding site
CGCCCGCCACCATG,non-binding site
TTAAGTAATTCAAA,non-binding site
AGTGCGCGCCTGTA,non-binding site
TCTTCCTTGGCTTC,non-binding site
ACTCCTCACACCAA,non-binding site
CCATTACTGGGTAT,non-binding site
CAAATGCCCACCTA,non-binding site
ATTTTGAAGCAATA,non-binding site
AGGGTAAAGCACCA,non-binding site
TATTTATCCTGGAT,non-binding site
AGGTTATCCTTAGT,non-binding site
ATTTCTCATTCTGG,non-binding site
TACATGGGGCACAG,non-binding site
TTAACCTTGACCAC,non-binding site
TTAGCCAGGATGGT,non-binding site
AGTTGTCATAATTA,non-binding site
GGCAGGAGTGCAGT,non-binding site
CAACATGTTAACAT,non-binding site
GCAGTACAGGAGCA,non-binding site
TTTTTCTCTCATTT,non-binding site
GAGAGGCTATCACT,non-binding site
TTATATAGCTGAAT,non-binding site
GGAGAGGACACTGT,non-binding site
CTGAACTGATTCGC,non-binding site
AGGACTCGGGGTGG,non-binding site
ACTCACTGGAAGGA,non-binding site
AGAGAGTGAATGAT,non-binding site
GACCTATCAACATT,non-binding site
CCCACTCCAGTCTT,non-binding site
CATCTGGTGGTTCC,non-binding site
CTGGGAGGAGGTGC,non-binding site
GTGGTGGCATGTGC,non-binding site
ACACAGGGTCTTAC,non-binding site
ATCTTAGGCCCTAT,non-binding site
TTAGCTCTGGAAAG,non-binding site
AAATCAAATAAATA,non-binding site
GAGAAGAGCCATTG,non-binding site
TGCCCTGTCTGGTA,non-binding site
GGAGGTAACTTGGC,non-binding site
CAAGTGAATACTGC,non-binding site
TTTAGTAGAAACGG,non-binding site
CATTTGTAATTGCT,non-binding site
ATTAGTCCTTAATA,non-binding site
AAGTCTTTGTGTGA,non-binding site
CAAGGTGTCCATCA,non-binding site
TCTCAGACCACAGT,non-binding site
CTAGGAAAATCTAT,non-binding site
GTGTGAGCCACTGT,non-binding site
TCCAGCAAGGTCTG,non-binding site
GCTTTATTGATCCA,non-binding site
CCAAGTCTTTCAGG,non-binding site
TGGATATTCTCAAA,non-binding site
TTTAGAATTAAGAT,non-binding site
AGATAGAGATATAT,non-binding site
TCAGAGCTCGCGCT,non-binding site
TGGGATCTGAGTGA,non-binding site
CAGTCAGGACCTAA,non-binding site
AGAGTTTTATTAGC,non-binding site
TGTGACACCGCACA,non-binding site
TGCCTAAGATTTTC,non-binding site
ATAGCGTTGCCTCT,non-binding site
GTTCTAAGTGCTTT,non-binding site
CCTCAGGCCATATG,non-binding site
TGCAACAGGATCTC,non-binding site
CAGTCATGATTCAT,non-binding site
TAGTAAAGACGGGG,non-binding site
TGGGGAGTTTAATG,non-binding site
TAATCACCCACTAA,non-binding site
GATCACTACCAAGA,non-binding site
AGCGATTCTCCTGC,non-binding site
AAATAAATTGCATT,non-binding site
AAAATCAGAGTAAC,non-binding site
AAAGGCATTAATTA,non-binding site
AGGTGAAGCAGAGT,non-binding site
ATTGTATATCTAGA,non-binding site
TTTTGTAGAGATGG,non-binding site
CACGTTTGTGTGCA,non-binding site
AAACTATGTCCATG,non-binding site
CTTCTGTACTATTT,non-binding site
TCCTATAAGAGTCT,non-binding site
GGTGTGAGAAAATT,non-binding site
GAATAGCCCTCAAG,non-binding site
TATTTTTATTGCTA,non-binding site
TTTTTCCTTAAACA,non-binding site
CCCTAATAAGCCAT,non-binding site
AAAGATATTTTTAC,non-binding site
CTGGTGGGAGCCCT,non-binding site
GATGTCTGTGACAC,non-binding site
TCATTCAGTGAAGG,non-binding site
TATTCCCCTTCCTG,non-binding site
TTGTCAAACTTTCT,non-binding site
AGGTGAGAGACAGA,non-binding site
GCTGCCGGTGCCAT,non-binding site
CTGTTTGCTTTAAG,non-binding site
AGGTGAAGAATTCT,non-binding site
ATCCATCCCTTAAA,non-binding site
GGGTTCAAGCGATT,non-binding site
CAGGCACCAGCCAC,non-binding site
ATCTCTCTGGCTCC,non-binding site
TAACTCAAAAAAAG,non-binding site
GGCCAGAATGGAGT,non-binding site
CTAACAGGCACAGC,non-binding site
GCCTTAGCTTGCTC,non-binding site
AGGTTTTGTTCAAA,non-binding site
TTGAAATGATATCT,non-binding site
GTGCCAGTAACTAG,non-binding site
ATAAGACCATACAA,non-binding site
TCCTCCCCACTAAC,non-binding site
AAAGGTTTTAAAAA,non-binding site
AGAATCTACAATAA,non-binding site
CCCCACCTCCTCTA,non-binding site
AATCATAGCCACTA,non-binding site
TTTGCCTTTTCCAG,non-binding site
CCTTTGGATTGAGA,non-binding site
CGGTGAGCTGAGAT,non-binding site
AATGCTATCCTTCC,non-binding site
ATCAATATATTTAT,non-binding site
ATTCTCTTCATATC,non-binding site
TCAGACCACAGTGG,non-binding site
TTTCTAGTAACTTA,non-binding site
TGAATAATTCTGTT,non-binding site
GGTGACCAGAGGCT,non-binding site
TTCACAAACTCTGT,non-binding site
CTCAATGGGTATTT,non-binding site
TAGTAAACTTTTGT,non-binding site
CTCACCTCAGGGCC,non-binding site
TGCAGATGCAGCCA,non-binding site
GGCACTAAATCTCT,non-binding site
TATTCAATTAGGAA,non-binding site
TACCATCCATAATG,non-binding site
TCCCGCCCGCTGCC,non-binding site
TCTGAGCCCTCCAA,non-binding site
ATAAAATTGGAGAC,non-binding site
CCTTCATCTGTGAA,non-binding site
CTTGCCTAAGGGTA,non-binding site
GGCCATAAGTGAAA,non-binding site
CAACAAAAAATTGG,non-binding site
TCTGGCAAGCACCT,non-binding site
TTTGTACTTGGGTC,non-binding site
TTTTCTTTATAATG,non-binding site
TTTGGATTACAAAA,non-binding site
TAATTGACATTGCT,non-binding site
AGTGATGTCAATGT,non-binding site
TTTTGTAATAATAT,non-binding site
AATGAGAAAATAAC,non-binding site
TTCTCTCTCCTCAG,non-binding site
ATGTAGACATATTT,non-binding site
CATAAGAAAGATTA,non-binding site
TGTTCTTGCTCAGT,non-binding site
AGCGGTGGCTCCAT,non-binding site
GAGGAATTGGGAGA,non-binding site
GGGGCAGAGGCGCT,non-binding site
GCCCTCTGAGTGGA,non-binding site
CAGGTTCAAGTTAC,non-binding site
TCATCACACTTCGC,non-binding site
GAGCTTTCTAGTGG,non-binding site
ACTAATAACTATCT,non-binding site
CTGCAGAATTAGGA,non-binding site
TATTCTTGGCAACC,non-binding site
CTTGGTCTGGGAGC,non-binding site
CATGATTGGATCTA,non-binding site
GCTACAAGGCTCTG,non-binding site
CAACAAAAAAAACT,non-binding site
CTAGATATCAATTC,non-binding site
ATGGAATCATGTTG,non-binding site
CGTTAAAAAGTCAG,non-binding site
CTCAGGAGCAAGAG,non-binding site
TGAGCTAAGGCAGC,non-binding site
ACACATGTGAGCCA,non-binding site
AAAGACAGAAAGTA,non-binding site
TTGAAAACCTTCTT,non-binding site
GTCATCGCTGTTGA,non-binding site
TTAGGGGACTGATA,non-binding site
GACTTGGGGCTGCA,non-binding site
GGCATCATACTCAG,non-binding site
GGGCATAGTCCCAG,non-binding site
ACTGGGTATATACC,non-binding site
TTGTGGGAGTTTTT,non-binding site
CCATGCCCGGCAAT,non-binding site
TTCCTATACACCAA,non-binding site
CAGCATCCAGTGAA,non-binding site
AGATAGAGAACTCA,non-binding site
GTTCTTTCTGTTCT,non-binding site
TTCAAATCCTAGTT,non-binding site
CCTGGCTCAAGCCA,non-binding site
ACTTGTAATCCCAG,non-binding site
GAAGAGGGCATCAG,non-binding site
GCAAGTGTAAACAT,non-binding site
TCACTGTGGAGAAC,non-binding site
TGAGCCTTGGGATG,non-binding site
AGACTTTTAAGGTC,non-binding site
GAAAAAATATGTAG,non-binding site
AGGACGCGTGTCGT,non-binding site
GGGGATTAAGTTTC,non-binding site
CATAAATTTCCTCT,non-binding site
CTACAGGGGCAGAG,non-binding site
TTATTACTATTACT,non-binding site
ACTTGTTTGACTTC,non-binding site
TATTTTAATGAGGT,non-binding site
GTTTCCATTTGAAA,non-binding site
ACCAGCCTGGCCAA,non-binding site
CTGCAGGTGAGGGT,non-binding site
CACAATCACACACA,non-binding site
TTCTGCCCTGATTA,non-binding site
GGGAGCTTTGGAAT,non-binding site
GTGTGAGACCCCAG,non-binding site
TCAGCCCAATACAA,non-binding site
GCATAGTCCTTATT,non-binding site
AGGTAGGCTTGAAT,non-binding site
GGATTACAGGCGTG,non-binding site
GAGGAAGTGAGCTC,non-binding site
TGGGATATAACACA,non-binding site
ATTTTATTTCCCTT,non-binding site
AAATCTTGTGTACT,non-binding site
AAACATAACACCTC,non-binding site
ATCTAATTAAATCT,non-binding site
AGAATCCTTAATCA,non-binding site
GCATGTGTTTCCCC,non-binding site
TAAATTTACCTCAT,non-binding site
GTGTTTTTCAGCTC,non-binding site
TGTGCCAACGTGCC,non-binding site
ATTTATTTTTTCTT,non-binding site
TTTGAGACCAGCCT,non-binding site
CAAAAAAATAAGTA,non-binding site
TCTTCTTAATTCAA,non-binding site
TAGACTTTATCAAC,non-binding site
TATTTGATGAATGA,non-binding site
CTCTGTGCTTCTCC,non-binding site
CTTTGCCCAGGTAA,non-binding site
GTGGTGCAATCAAG,non-binding site
CCAACTTTGCCAGG,non-binding site
CGGCCCCTCCTCAG,non-binding site
TCATAGACCCAGGA,non-binding site
GGAAAGGAAATGTT,non-binding site
TGTATGTTTATTGC,non-binding site
AGAAGGGGCTTTTA,non-binding site
TCACTCTGGCTGGT,non-binding site
TTCAGCAGGCTGAC,non-binding site
ACGCCCACGGGTCT,non-binding site
TAGTTCATTATTTC,non-binding site
AGCCCCTGTCTTGC,non-binding site
ACCCAGGTGCCTTC,non-binding site
TTCACCCTGGCATT,non-binding site
TTTTGGTGATGAGG,non-binding site
ACACACAAACACAC,non-binding site
ATTTGAGATTCAGC,non-binding site
TTGTGTTTCTCTTT,non-binding site
AAATGTCAAACGTG,non-binding site
TCATAAGCAGACTT,non-binding site
GAAATATTTTAAAA,non-binding site
GTTTTTTTTTCATT,non-binding site
AGGGCTTAGATCAT,non-binding site
TTCCCCATTGTGTT,non-binding site
CATCAAAGACTACA,non-binding site
GAGATATAACTGTT,non-binding site
AAGCCATGTCCCTA,non-binding site
AACACTTAAAATAT,non-binding site
TCCAGCAAACTCCA,non-binding site
TAGTCCCAAACTCC,non-binding site
ATCTGCCCGCCTCA,non-binding site
AACTTTTTCTTTTT,non-binding site
CTCCTGGCCCCAAG,non-binding site
ACTGATTGATCATT,non-binding site
GCGCAGGCCGCCGA,non-binding site
GGGAAGAACCCAGT,non-binding site
GGCATGTGGCACAA,non-binding site
GCCAGAAGTGGGTG,non-binding site
TTCCTCCCCTTTTT,non-binding site
ACCTGAAGGTCTAC,non-binding site
TATTCTCTTGAATT,non-binding site
CGTCGCACCCTCAA,non-binding site
TTTATAATGTGTAA,non-binding site
AAGGTTTTGGAAGT,non-binding site
CCATCTTCGTTTCT,non-binding site
ACTATTCCACCAGA,non-binding site
GCGATGTTCCCACC,non-binding site
TATTATATCATTGT,non-binding site
ATTGTATTTATGAC,non-binding site
TAGTCAGCAGGTGA,non-binding site
ACAAATCTAAACGC,non-binding site
ACTAGAGTACAAAC,non-binding site
GTCTGACCCTTAGT,non-binding site
CTTCTAAAACCAAA,non-binding site
TGCGAATCTGTGGT,non-binding site
CATTTTTAGATCAT,non-binding site
TGGGAAGCTTCCAG,non-binding site
GAGCCAGACATGGT,non-binding site
TTCTGTTTTATTTA,non-binding site
GAGTCTAAACAATA,non-binding site
GGTAGAGGGGGAAA,non-binding site
TTAACTATGTGACC,non-binding site
CTCATCTTGAATTG,non-binding site
ATTATATCAAGTAA,non-binding site
AAACAAGAGCCCAG,non-binding site
ATTACTTTGTAATT,non-binding site
CAATACTGATTATT,non-binding site
AAAATACCATTTCC,non-binding site
AAAAAAAAAAAAGA,non-binding site
ACTCACGGTTCCAC,non-binding site
AGAGAGCTTGGAAG,non-binding site
AAAGAATAAAATGT,non-binding site
ATTGGTGTATAAGA,non-binding site
GAGAAAAAAATTCC,non-binding site
ACCAGATAGCTGAT,non-binding site
TTGTTCCTAATGAG,non-binding site
CCTCAAGTTACAGT,non-binding site
GGAATAGGAACAAT,non-binding site
GTTTCATAAAGAAA,non-binding site
GTTGCAGCTGAAAG,non-binding site
AGCATAGAGAACCC,non-binding site
AACATGACAAATCT,non-binding site
GAAAAGATTTAGGG,non-binding site
AGGCAGGAGAATCA,non-binding site
TCGTTTATTTATTT,non-binding site
TTTATAATCATTTA,non-binding site
ATCTATCTCTCCGA,non-binding site
